"schema_version","rhubarb_pull_time","observed_datetime_utc","vendor","vendor_model","vendor_run_id","vendor_forecast_date","vendor_updated_at_utc","model_status","election_date","metric_type","party","value","unit","median_value","low_value","high_value","basis","source_record_id","source_url","model_web_url","source_file","data_quality","notes","geography_type","geography_id","geography_name"
"2.1.0","2026-08-13T01:34:16+00:00","2026-08-13T01:34:16+00:00","ElectIndex","ElectIndex 2026 U.S. Election Forecast","electindex-2026-08-12-fdb46e3a846bd363","2026-08-12","","published","2026-11-03","US House Seats by Party","D","237.8","seats","","","","published mean expected seats (avg_dem_seats / avg_gop_seats)","national","https://github.com/ElectIndex/26_us_forecast_data/tree/main/output","https://electindex.com/forecasts/","chambers.csv + national_indicators.csv","","ElectIndex publishes only Democratic chamber-control probability in chambers.csv; Republican control is stored as the binary complement. Published projected Democratic seats: House=231; Senate=50.","national","US","United States"
"2.1.0","2026-08-13T01:34:16+00:00","2026-08-13T01:34:16+00:00","ElectIndex","ElectIndex 2026 U.S. Election Forecast","electindex-2026-08-12-fdb46e3a846bd363","2026-08-12","","published","2026-11-03","US House Seats by Party","R","197.2","seats","","","","published mean expected seats (avg_dem_seats / avg_gop_seats)","national","https://github.com/ElectIndex/26_us_forecast_data/tree/main/output","https://electindex.com/forecasts/","chambers.csv + national_indicators.csv","","ElectIndex publishes only Democratic chamber-control probability in chambers.csv; Republican control is stored as the binary complement. Published projected Democratic seats: House=231; Senate=50.","national","US","United States"
"2.1.0","2026-08-13T01:34:16+00:00","2026-08-13T01:34:16+00:00","ElectIndex","ElectIndex 2026 U.S. Election Forecast","electindex-2026-08-12-fdb46e3a846bd363","2026-08-12","","published","2026-11-03","US House Seats by Party","Other","0","seats","","","","published mean expected seats (avg_dem_seats / avg_gop_seats)","national","https://github.com/ElectIndex/26_us_forecast_data/tree/main/output","https://electindex.com/forecasts/","chambers.csv + national_indicators.csv","","ElectIndex publishes only Democratic chamber-control probability in chambers.csv; Republican control is stored as the binary complement. Published projected Democratic seats: House=231; Senate=50.","national","US","United States"
"2.1.0","2026-08-13T01:34:16+00:00","2026-08-13T01:34:16+00:00","ElectIndex","ElectIndex 2026 U.S. Election Forecast","electindex-2026-08-12-fdb46e3a846bd363","2026-08-12","","published","2026-11-03","US House Party Probability","D","71.7","percent","","","","probability of controlling the U.S. House","national","https://github.com/ElectIndex/26_us_forecast_data/tree/main/output","https://electindex.com/forecasts/","chambers.csv + national_indicators.csv","","ElectIndex publishes only Democratic chamber-control probability in chambers.csv; Republican control is stored as the binary complement. Published projected Democratic seats: House=231; Senate=50.","national","US","United States"
"2.1.0","2026-08-13T01:34:16+00:00","2026-08-13T01:34:16+00:00","ElectIndex","ElectIndex 2026 U.S. Election Forecast","electindex-2026-08-12-fdb46e3a846bd363","2026-08-12","","published","2026-11-03","US House Party Probability","R","28.3","percent","","","","probability of controlling the U.S. House","national","https://github.com/ElectIndex/26_us_forecast_data/tree/main/output","https://electindex.com/forecasts/","chambers.csv + national_indicators.csv","","ElectIndex publishes only Democratic chamber-control probability in chambers.csv; Republican control is stored as the binary complement. Published projected Democratic seats: House=231; Senate=50.","national","US","United States"
"2.1.0","2026-08-13T01:34:16+00:00","2026-08-13T01:34:16+00:00","ElectIndex","ElectIndex 2026 U.S. Election Forecast","electindex-2026-08-12-fdb46e3a846bd363","2026-08-12","","published","2026-11-03","US House Party Probability","Other","0","percent","","","","probability of controlling the U.S. House","national","https://github.com/ElectIndex/26_us_forecast_data/tree/main/output","https://electindex.com/forecasts/","chambers.csv + national_indicators.csv","","ElectIndex publishes only Democratic chamber-control probability in chambers.csv; Republican control is stored as the binary complement. Published projected Democratic seats: House=231; Senate=50.","national","US","United States"
"2.1.0","2026-08-13T01:34:16+00:00","2026-08-13T01:34:16+00:00","ElectIndex","ElectIndex 2026 U.S. Election Forecast","electindex-2026-08-12-fdb46e3a846bd363","2026-08-12","","published","2026-11-03","US Senate Seats by Party","D","50.2","seats","","","","published mean expected seats (avg_dem_seats / avg_gop_seats)","national","https://github.com/ElectIndex/26_us_forecast_data/tree/main/output","https://electindex.com/forecasts/","chambers.csv + national_indicators.csv","","ElectIndex publishes only Democratic chamber-control probability in chambers.csv; Republican control is stored as the binary complement. Published projected Democratic seats: House=231; Senate=50.","national","US","United States"
"2.1.0","2026-08-13T01:34:16+00:00","2026-08-13T01:34:16+00:00","ElectIndex","ElectIndex 2026 U.S. Election Forecast","electindex-2026-08-12-fdb46e3a846bd363","2026-08-12","","published","2026-11-03","US Senate Seats by Party","R","49.8","seats","","","","published mean expected seats (avg_dem_seats / avg_gop_seats)","national","https://github.com/ElectIndex/26_us_forecast_data/tree/main/output","https://electindex.com/forecasts/","chambers.csv + national_indicators.csv","","ElectIndex publishes only Democratic chamber-control probability in chambers.csv; Republican control is stored as the binary complement. Published projected Democratic seats: House=231; Senate=50.","national","US","United States"
"2.1.0","2026-08-13T01:34:16+00:00","2026-08-13T01:34:16+00:00","ElectIndex","ElectIndex 2026 U.S. Election Forecast","electindex-2026-08-12-fdb46e3a846bd363","2026-08-12","","published","2026-11-03","US Senate Seats by Party","Other","0","seats","","","","published mean expected seats (avg_dem_seats / avg_gop_seats)","national","https://github.com/ElectIndex/26_us_forecast_data/tree/main/output","https://electindex.com/forecasts/","chambers.csv + national_indicators.csv","","ElectIndex publishes only Democratic chamber-control probability in chambers.csv; Republican control is stored as the binary complement. Published projected Democratic seats: House=231; Senate=50.","national","US","United States"
"2.1.0","2026-08-13T01:34:16+00:00","2026-08-13T01:34:16+00:00","ElectIndex","ElectIndex 2026 U.S. Election Forecast","electindex-2026-08-12-fdb46e3a846bd363","2026-08-12","","published","2026-11-03","US Senate Party Probability","D","47.4","percent","","","","probability of controlling the U.S. Senate","national","https://github.com/ElectIndex/26_us_forecast_data/tree/main/output","https://electindex.com/forecasts/","chambers.csv + national_indicators.csv","","ElectIndex publishes only Democratic chamber-control probability in chambers.csv; Republican control is stored as the binary complement. Published projected Democratic seats: House=231; Senate=50.","national","US","United States"
"2.1.0","2026-08-13T01:34:16+00:00","2026-08-13T01:34:16+00:00","ElectIndex","ElectIndex 2026 U.S. Election Forecast","electindex-2026-08-12-fdb46e3a846bd363","2026-08-12","","published","2026-11-03","US Senate Party Probability","R","52.6","percent","","","","probability of controlling the U.S. Senate","national","https://github.com/ElectIndex/26_us_forecast_data/tree/main/output","https://electindex.com/forecasts/","chambers.csv + national_indicators.csv","","ElectIndex publishes only Democratic chamber-control probability in chambers.csv; Republican control is stored as the binary complement. Published projected Democratic seats: House=231; Senate=50.","national","US","United States"
"2.1.0","2026-08-13T01:34:16+00:00","2026-08-13T01:34:16+00:00","ElectIndex","ElectIndex 2026 U.S. Election Forecast","electindex-2026-08-12-fdb46e3a846bd363","2026-08-12","","published","2026-11-03","US Senate Party Probability","Other","0","percent","","","","probability of controlling the U.S. Senate","national","https://github.com/ElectIndex/26_us_forecast_data/tree/main/output","https://electindex.com/forecasts/","chambers.csv + national_indicators.csv","","ElectIndex publishes only Democratic chamber-control probability in chambers.csv; Republican control is stored as the binary complement. Published projected Democratic seats: House=231; Senate=50.","national","US","United States"
"2.1.0","2026-08-13T01:34:16+00:00","2026-08-13T01:34:16+00:00","ElectIndex","ElectIndex 2026 U.S. Election Forecast","electindex-2026-08-12-fdb46e3a846bd363","2026-08-12","","published","2026-11-03","US House Popular Vote Projection","D","53.644957","percent","","","","all-party projected national House vote counts","national","https://github.com/ElectIndex/26_us_forecast_data/tree/main/output","https://electindex.com/forecasts/","chambers.csv + national_indicators.csv","","ElectIndex publishes only Democratic chamber-control probability in chambers.csv; Republican control is stored as the binary complement. Published projected Democratic seats: House=231; Senate=50.","national","US","United States"
"2.1.0","2026-08-13T01:34:16+00:00","2026-08-13T01:34:16+00:00","ElectIndex","ElectIndex 2026 U.S. Election Forecast","electindex-2026-08-12-fdb46e3a846bd363","2026-08-12","","published","2026-11-03","US House Popular Vote Projection","R","46.167444","percent","","","","all-party projected national House vote counts","national","https://github.com/ElectIndex/26_us_forecast_data/tree/main/output","https://electindex.com/forecasts/","chambers.csv + national_indicators.csv","","ElectIndex publishes only Democratic chamber-control probability in chambers.csv; Republican control is stored as the binary complement. Published projected Democratic seats: House=231; Senate=50.","national","US","United States"
"2.1.0","2026-08-13T01:34:16+00:00","2026-08-13T01:34:16+00:00","ElectIndex","ElectIndex 2026 U.S. Election Forecast","electindex-2026-08-12-fdb46e3a846bd363","2026-08-12","","published","2026-11-03","US House Popular Vote Projection","Other","0.187599","percent","","","","all-party projected national House vote counts","national","https://github.com/ElectIndex/26_us_forecast_data/tree/main/output","https://electindex.com/forecasts/","chambers.csv + national_indicators.csv","","ElectIndex publishes only Democratic chamber-control probability in chambers.csv; Republican control is stored as the binary complement. Published projected Democratic seats: House=231; Senate=50.","national","US","United States"
"2.1.0","2026-08-13T01:34:16+00:00","2026-08-13T01:34:16+00:00","ElectIndex","ElectIndex 2026 U.S. Election Forecast","electindex-2026-08-12-fdb46e3a846bd363","2026-08-12","","published","2026-11-03","US House Popular Vote Margin","D-R","7.49","percentage_points","","","","all-party projected national House vote counts","national","https://github.com/ElectIndex/26_us_forecast_data/tree/main/output","https://electindex.com/forecasts/","chambers.csv + national_indicators.csv","","ElectIndex publishes only Democratic chamber-control probability in chambers.csv; Republican control is stored as the binary complement. Published projected Democratic seats: House=231; Senate=50.","national","US","United States"
"2.1.0","2026-08-13T01:34:16+00:00","2026-08-13T01:34:16+00:00","Election StatSheet","Mac Tan 2026 Bayesian Congressional Forecast","ess-2026-08-12-a16615832621187c","2026-08-12","","published","2026-11-03","US House Seats by Party","D","225.0355","seats","","200","258","posterior mean expected seats","national","https://github.com/thisismactan/US-2026/tree/main/output","https://www.electionstatsheet.com/house","house_forecast_timeline.csv + senate_forecast_timeline.csv","","Control 'Other' is residual probability not assigned to a D or R majority/control outcome.","national","US","United States"
"2.1.0","2026-08-13T01:34:16+00:00","2026-08-13T01:34:16+00:00","Election StatSheet","Mac Tan 2026 Bayesian Congressional Forecast","ess-2026-08-12-a16615832621187c","2026-08-12","","published","2026-11-03","US House Seats by Party","R","209.9645","seats","","","","posterior mean expected seats","national","https://github.com/thisismactan/US-2026/tree/main/output","https://www.electionstatsheet.com/house","house_forecast_timeline.csv + senate_forecast_timeline.csv","","Control 'Other' is residual probability not assigned to a D or R majority/control outcome.","national","US","United States"
"2.1.0","2026-08-13T01:34:16+00:00","2026-08-13T01:34:16+00:00","Election StatSheet","Mac Tan 2026 Bayesian Congressional Forecast","ess-2026-08-12-a16615832621187c","2026-08-12","","published","2026-11-03","US House Seats by Party","Other","0","seats","","","","posterior mean expected seats","national","https://github.com/thisismactan/US-2026/tree/main/output","https://www.electionstatsheet.com/house","house_forecast_timeline.csv + senate_forecast_timeline.csv","","Control 'Other' is residual probability not assigned to a D or R majority/control outcome.","national","US","United States"
"2.1.0","2026-08-13T01:34:16+00:00","2026-08-13T01:34:16+00:00","Election StatSheet","Mac Tan 2026 Bayesian Congressional Forecast","ess-2026-08-12-a16615832621187c","2026-08-12","","published","2026-11-03","US House Party Probability","D","62.75","percent","","","","probability of controlling the U.S. House","national","https://github.com/thisismactan/US-2026/tree/main/output","https://www.electionstatsheet.com/house","house_forecast_timeline.csv + senate_forecast_timeline.csv","","Control 'Other' is residual probability not assigned to a D or R majority/control outcome.","national","US","United States"
"2.1.0","2026-08-13T01:34:16+00:00","2026-08-13T01:34:16+00:00","Election StatSheet","Mac Tan 2026 Bayesian Congressional Forecast","ess-2026-08-12-a16615832621187c","2026-08-12","","published","2026-11-03","US House Party Probability","R","37.25","percent","","","","probability of controlling the U.S. House","national","https://github.com/thisismactan/US-2026/tree/main/output","https://www.electionstatsheet.com/house","house_forecast_timeline.csv + senate_forecast_timeline.csv","","Control 'Other' is residual probability not assigned to a D or R majority/control outcome.","national","US","United States"
"2.1.0","2026-08-13T01:34:16+00:00","2026-08-13T01:34:16+00:00","Election StatSheet","Mac Tan 2026 Bayesian Congressional Forecast","ess-2026-08-12-a16615832621187c","2026-08-12","","published","2026-11-03","US House Party Probability","Other","0","percent","","","","probability of controlling the U.S. House","national","https://github.com/thisismactan/US-2026/tree/main/output","https://www.electionstatsheet.com/house","house_forecast_timeline.csv + senate_forecast_timeline.csv","","Control 'Other' is residual probability not assigned to a D or R majority/control outcome.","national","US","United States"
"2.1.0","2026-08-13T01:34:16+00:00","2026-08-13T01:34:16+00:00","Election StatSheet","Mac Tan 2026 Bayesian Congressional Forecast","ess-2026-08-12-a16615832621187c","2026-08-12","","published","2026-11-03","US Senate Seats by Party","D","48.7183","seats","","44","53","posterior mean seats; independents separate where modeled","national","https://github.com/thisismactan/US-2026/tree/main/output","https://www.electionstatsheet.com/senate","house_forecast_timeline.csv + senate_forecast_timeline.csv","","Control 'Other' is residual probability not assigned to a D or R majority/control outcome.","national","US","United States"
"2.1.0","2026-08-13T01:34:16+00:00","2026-08-13T01:34:16+00:00","Election StatSheet","Mac Tan 2026 Bayesian Congressional Forecast","ess-2026-08-12-a16615832621187c","2026-08-12","","published","2026-11-03","US Senate Seats by Party","R","51.182","seats","","","","posterior mean seats; independents separate where modeled","national","https://github.com/thisismactan/US-2026/tree/main/output","https://www.electionstatsheet.com/senate","house_forecast_timeline.csv + senate_forecast_timeline.csv","","Control 'Other' is residual probability not assigned to a D or R majority/control outcome.","national","US","United States"
"2.1.0","2026-08-13T01:34:16+00:00","2026-08-13T01:34:16+00:00","Election StatSheet","Mac Tan 2026 Bayesian Congressional Forecast","ess-2026-08-12-a16615832621187c","2026-08-12","","published","2026-11-03","US Senate Seats by Party","Other","0.0997","seats","","","","posterior mean seats; independents separate where modeled","national","https://github.com/thisismactan/US-2026/tree/main/output","https://www.electionstatsheet.com/senate","house_forecast_timeline.csv + senate_forecast_timeline.csv","","Control 'Other' is residual probability not assigned to a D or R majority/control outcome.","national","US","United States"
"2.1.0","2026-08-13T01:34:16+00:00","2026-08-13T01:34:16+00:00","Election StatSheet","Mac Tan 2026 Bayesian Congressional Forecast","ess-2026-08-12-a16615832621187c","2026-08-12","","published","2026-11-03","US Senate Party Probability","D","27.1","percent","","","","probability of controlling the U.S. Senate","national","https://github.com/thisismactan/US-2026/tree/main/output","https://www.electionstatsheet.com/senate","house_forecast_timeline.csv + senate_forecast_timeline.csv","","Control 'Other' is residual probability not assigned to a D or R majority/control outcome.","national","US","United States"
"2.1.0","2026-08-13T01:34:16+00:00","2026-08-13T01:34:16+00:00","Election StatSheet","Mac Tan 2026 Bayesian Congressional Forecast","ess-2026-08-12-a16615832621187c","2026-08-12","","published","2026-11-03","US Senate Party Probability","R","71.48","percent","","","","probability of controlling the U.S. Senate","national","https://github.com/thisismactan/US-2026/tree/main/output","https://www.electionstatsheet.com/senate","house_forecast_timeline.csv + senate_forecast_timeline.csv","","Control 'Other' is residual probability not assigned to a D or R majority/control outcome.","national","US","United States"
"2.1.0","2026-08-13T01:34:16+00:00","2026-08-13T01:34:16+00:00","Election StatSheet","Mac Tan 2026 Bayesian Congressional Forecast","ess-2026-08-12-a16615832621187c","2026-08-12","","published","2026-11-03","US Senate Party Probability","Other","1.42","percent","","","","probability of controlling the U.S. Senate","national","https://github.com/thisismactan/US-2026/tree/main/output","https://www.electionstatsheet.com/senate","house_forecast_timeline.csv + senate_forecast_timeline.csv","","Control 'Other' is residual probability not assigned to a D or R majority/control outcome.","national","US","United States"
"2.1.0","2026-08-13T01:34:16+00:00","2026-08-13T01:34:16+00:00","Election StatSheet","Mac Tan 2026 Bayesian Congressional Forecast","ess-2026-08-12-a16615832621187c","2026-08-12","","published","2026-11-03","US House Popular Vote Projection","D","53.843939","percent","","48.678384","59.037121","two-party House popular vote posterior mean","national","https://github.com/thisismactan/US-2026/tree/main/output","https://www.electionstatsheet.com/house","house_forecast_timeline.csv + senate_forecast_timeline.csv","","Control 'Other' is residual probability not assigned to a D or R majority/control outcome.","national","US","United States"
"2.1.0","2026-08-13T01:34:16+00:00","2026-08-13T01:34:16+00:00","Election StatSheet","Mac Tan 2026 Bayesian Congressional Forecast","ess-2026-08-12-a16615832621187c","2026-08-12","","published","2026-11-03","US House Popular Vote Projection","R","46.156061","percent","","","","two-party House popular vote posterior mean","national","https://github.com/thisismactan/US-2026/tree/main/output","https://www.electionstatsheet.com/house","house_forecast_timeline.csv + senate_forecast_timeline.csv","","Control 'Other' is residual probability not assigned to a D or R majority/control outcome.","national","US","United States"
"2.1.0","2026-08-13T01:34:16+00:00","2026-08-13T01:34:16+00:00","Election StatSheet","Mac Tan 2026 Bayesian Congressional Forecast","ess-2026-08-12-a16615832621187c","2026-08-12","","published","2026-11-03","US House Popular Vote Projection","Other","0","percent","","","","two-party House popular vote posterior mean","national","https://github.com/thisismactan/US-2026/tree/main/output","https://www.electionstatsheet.com/house","house_forecast_timeline.csv + senate_forecast_timeline.csv","","Control 'Other' is residual probability not assigned to a D or R majority/control outcome.","national","US","United States"
"2.1.0","2026-08-13T01:34:16+00:00","2026-08-13T01:34:16+00:00","Election StatSheet","Mac Tan 2026 Bayesian Congressional Forecast","ess-2026-08-12-a16615832621187c","2026-08-12","","published","2026-11-03","US House Popular Vote Margin","D-R","7.687878","percentage_points","","","","two-party House popular vote posterior mean","national","https://github.com/thisismactan/US-2026/tree/main/output","https://www.electionstatsheet.com/house","house_forecast_timeline.csv + senate_forecast_timeline.csv","","Control 'Other' is residual probability not assigned to a D or R majority/control outcome.","national","US","United States"
"2.1.0","2026-08-13T01:34:16+00:00","2026-08-13T01:34:16+00:00","Grant Williams","2026 Midterms Forecast v4.0.0","v4-20260812T154313Z-d6077e674d2b","2026-08-12","2026-08-12T15:43:13.605027+00:00","degraded","2026-11-03","US House Seats by Party","D","252.04","seats","247","207","316","posterior mean expected seats","national","https://grantbw4.github.io/2026-midterms-forecast/","https://grantbw4.github.io/2026-midterms-forecast/","forecast.json + senate_forecast.json","degraded","votehub_approval is degraded","national","US","United States"
"2.1.0","2026-08-13T01:34:16+00:00","2026-08-13T01:34:16+00:00","Grant Williams","2026 Midterms Forecast v4.0.0","v4-20260812T154313Z-d6077e674d2b","2026-08-12","2026-08-12T15:43:13.605027+00:00","degraded","2026-11-03","US House Seats by Party","R","182.96","seats","188","","","posterior mean expected seats","national","https://grantbw4.github.io/2026-midterms-forecast/","https://grantbw4.github.io/2026-midterms-forecast/","forecast.json + senate_forecast.json","degraded","votehub_approval is degraded","national","US","United States"
"2.1.0","2026-08-13T01:34:16+00:00","2026-08-13T01:34:16+00:00","Grant Williams","2026 Midterms Forecast v4.0.0","v4-20260812T154313Z-d6077e674d2b","2026-08-12","2026-08-12T15:43:13.605027+00:00","degraded","2026-11-03","US House Seats by Party","Other","0","seats","0","","","posterior mean expected seats","national","https://grantbw4.github.io/2026-midterms-forecast/","https://grantbw4.github.io/2026-midterms-forecast/","forecast.json + senate_forecast.json","degraded","votehub_approval is degraded","national","US","United States"
"2.1.0","2026-08-13T01:34:16+00:00","2026-08-13T01:34:16+00:00","Grant Williams","2026 Midterms Forecast v4.0.0","v4-20260812T154313Z-d6077e674d2b","2026-08-12","2026-08-12T15:43:13.605027+00:00","degraded","2026-11-03","US House Party Probability","D","87.41","percent","","","","probability of controlling the U.S. House","national","https://grantbw4.github.io/2026-midterms-forecast/","https://grantbw4.github.io/2026-midterms-forecast/","forecast.json + senate_forecast.json","degraded","votehub_approval is degraded","national","US","United States"
"2.1.0","2026-08-13T01:34:16+00:00","2026-08-13T01:34:16+00:00","Grant Williams","2026 Midterms Forecast v4.0.0","v4-20260812T154313Z-d6077e674d2b","2026-08-12","2026-08-12T15:43:13.605027+00:00","degraded","2026-11-03","US House Party Probability","R","12.59","percent","","","","probability of controlling the U.S. House","national","https://grantbw4.github.io/2026-midterms-forecast/","https://grantbw4.github.io/2026-midterms-forecast/","forecast.json + senate_forecast.json","degraded","votehub_approval is degraded","national","US","United States"
"2.1.0","2026-08-13T01:34:16+00:00","2026-08-13T01:34:16+00:00","Grant Williams","2026 Midterms Forecast v4.0.0","v4-20260812T154313Z-d6077e674d2b","2026-08-12","2026-08-12T15:43:13.605027+00:00","degraded","2026-11-03","US House Party Probability","Other","0","percent","","","","probability of controlling the U.S. House","national","https://grantbw4.github.io/2026-midterms-forecast/","https://grantbw4.github.io/2026-midterms-forecast/","forecast.json + senate_forecast.json","degraded","votehub_approval is degraded","national","US","United States"
"2.1.0","2026-08-13T01:34:16+00:00","2026-08-13T01:34:16+00:00","Grant Williams","2026 Midterms Forecast v4.0.0","v4-20260812T154313Z-d6077e674d2b","2026-08-12","2026-08-12T15:43:13.605027+00:00","degraded","2026-11-03","US Senate Seats by Party","D","51.55","seats","51","47","56","posterior mean caucus seats; aligned independents are included in the Democratic caucus","national","https://grantbw4.github.io/2026-midterms-forecast/","https://grantbw4.github.io/2026-midterms-forecast/","forecast.json + senate_forecast.json","degraded","votehub_approval is degraded","national","US","United States"
"2.1.0","2026-08-13T01:34:16+00:00","2026-08-13T01:34:16+00:00","Grant Williams","2026 Midterms Forecast v4.0.0","v4-20260812T154313Z-d6077e674d2b","2026-08-12","2026-08-12T15:43:13.605027+00:00","degraded","2026-11-03","US Senate Seats by Party","R","48.45","seats","49","","","posterior mean caucus seats; aligned independents are included in the Democratic caucus","national","https://grantbw4.github.io/2026-midterms-forecast/","https://grantbw4.github.io/2026-midterms-forecast/","forecast.json + senate_forecast.json","degraded","votehub_approval is degraded","national","US","United States"
"2.1.0","2026-08-13T01:34:16+00:00","2026-08-13T01:34:16+00:00","Grant Williams","2026 Midterms Forecast v4.0.0","v4-20260812T154313Z-d6077e674d2b","2026-08-12","2026-08-12T15:43:13.605027+00:00","degraded","2026-11-03","US Senate Seats by Party","Other","0","seats","0","","","posterior mean caucus seats; aligned independents are included in the Democratic caucus","national","https://grantbw4.github.io/2026-midterms-forecast/","https://grantbw4.github.io/2026-midterms-forecast/","forecast.json + senate_forecast.json","degraded","votehub_approval is degraded","national","US","United States"
"2.1.0","2026-08-13T01:34:16+00:00","2026-08-13T01:34:16+00:00","Grant Williams","2026 Midterms Forecast v4.0.0","v4-20260812T154313Z-d6077e674d2b","2026-08-12","2026-08-12T15:43:13.605027+00:00","degraded","2026-11-03","US Senate Party Probability","D","63.11","percent","","","","probability of controlling the U.S. Senate","national","https://grantbw4.github.io/2026-midterms-forecast/","https://grantbw4.github.io/2026-midterms-forecast/","forecast.json + senate_forecast.json","degraded","votehub_approval is degraded","national","US","United States"
"2.1.0","2026-08-13T01:34:16+00:00","2026-08-13T01:34:16+00:00","Grant Williams","2026 Midterms Forecast v4.0.0","v4-20260812T154313Z-d6077e674d2b","2026-08-12","2026-08-12T15:43:13.605027+00:00","degraded","2026-11-03","US Senate Party Probability","R","36.89","percent","","","","probability of controlling the U.S. Senate","national","https://grantbw4.github.io/2026-midterms-forecast/","https://grantbw4.github.io/2026-midterms-forecast/","forecast.json + senate_forecast.json","degraded","votehub_approval is degraded","national","US","United States"
"2.1.0","2026-08-13T01:34:16+00:00","2026-08-13T01:34:16+00:00","Grant Williams","2026 Midterms Forecast v4.0.0","v4-20260812T154313Z-d6077e674d2b","2026-08-12","2026-08-12T15:43:13.605027+00:00","degraded","2026-11-03","US Senate Party Probability","Other","0","percent","","","","probability of controlling the U.S. Senate","national","https://grantbw4.github.io/2026-midterms-forecast/","https://grantbw4.github.io/2026-midterms-forecast/","forecast.json + senate_forecast.json","degraded","votehub_approval is degraded","national","US","United States"
"2.1.0","2026-08-13T01:34:16+00:00","2026-08-13T01:34:16+00:00","Grant Williams","2026 Midterms Forecast v4.0.0","v4-20260812T154313Z-d6077e674d2b","2026-08-12","2026-08-12T15:43:13.605027+00:00","degraded","2026-11-03","US House Popular Vote Projection","D","52.9785","percent","","51.2225","54.723","Democratic two-party election-day House popular-vote margin","national","https://grantbw4.github.io/2026-midterms-forecast/","https://grantbw4.github.io/2026-midterms-forecast/","forecast.json + senate_forecast.json","degraded","votehub_approval is degraded","national","US","United States"
"2.1.0","2026-08-13T01:34:16+00:00","2026-08-13T01:34:16+00:00","Grant Williams","2026 Midterms Forecast v4.0.0","v4-20260812T154313Z-d6077e674d2b","2026-08-12","2026-08-12T15:43:13.605027+00:00","degraded","2026-11-03","US House Popular Vote Projection","R","47.0215","percent","","","","Democratic two-party election-day House popular-vote margin","national","https://grantbw4.github.io/2026-midterms-forecast/","https://grantbw4.github.io/2026-midterms-forecast/","forecast.json + senate_forecast.json","degraded","votehub_approval is degraded","national","US","United States"
"2.1.0","2026-08-13T01:34:16+00:00","2026-08-13T01:34:16+00:00","Grant Williams","2026 Midterms Forecast v4.0.0","v4-20260812T154313Z-d6077e674d2b","2026-08-12","2026-08-12T15:43:13.605027+00:00","degraded","2026-11-03","US House Popular Vote Projection","Other","0","percent","","","","Democratic two-party election-day House popular-vote margin","national","https://grantbw4.github.io/2026-midterms-forecast/","https://grantbw4.github.io/2026-midterms-forecast/","forecast.json + senate_forecast.json","degraded","votehub_approval is degraded","national","US","United States"
"2.1.0","2026-08-13T01:34:16+00:00","2026-08-13T01:34:16+00:00","Grant Williams","2026 Midterms Forecast v4.0.0","v4-20260812T154313Z-d6077e674d2b","2026-08-12","2026-08-12T15:43:13.605027+00:00","degraded","2026-11-03","US House Popular Vote Margin","D-R","5.957","percentage_points","","","","Democratic two-party election-day House popular-vote margin","national","https://grantbw4.github.io/2026-midterms-forecast/","https://grantbw4.github.io/2026-midterms-forecast/","forecast.json + senate_forecast.json","degraded","votehub_approval is degraded","national","US","United States"
"2.1.0","2026-08-13T20:51:31+00:00","2026-08-13T20:51:31+00:00","Election StatSheet","Mac Tan 2026 Bayesian Congressional Forecast","ess-2026-08-13-bdd159ab5a7e53d4","2026-08-13","","published","2026-11-03","US House Seats by Party","D","225.5874","seats","","201","258","posterior mean expected seats","national","https://github.com/thisismactan/US-2026/tree/main/output","https://www.electionstatsheet.com/house","house_forecast_timeline.csv + senate_forecast_timeline.csv","","Control 'Other' is residual probability not assigned to a D or R majority/control outcome.","national","US","United States"
"2.1.0","2026-08-13T20:51:31+00:00","2026-08-13T20:51:31+00:00","Election StatSheet","Mac Tan 2026 Bayesian Congressional Forecast","ess-2026-08-13-bdd159ab5a7e53d4","2026-08-13","","published","2026-11-03","US House Seats by Party","R","209.4126","seats","","","","posterior mean expected seats","national","https://github.com/thisismactan/US-2026/tree/main/output","https://www.electionstatsheet.com/house","house_forecast_timeline.csv + senate_forecast_timeline.csv","","Control 'Other' is residual probability not assigned to a D or R majority/control outcome.","national","US","United States"
"2.1.0","2026-08-13T20:51:31+00:00","2026-08-13T20:51:31+00:00","Election StatSheet","Mac Tan 2026 Bayesian Congressional Forecast","ess-2026-08-13-bdd159ab5a7e53d4","2026-08-13","","published","2026-11-03","US House Seats by Party","Other","0","seats","","","","posterior mean expected seats","national","https://github.com/thisismactan/US-2026/tree/main/output","https://www.electionstatsheet.com/house","house_forecast_timeline.csv + senate_forecast_timeline.csv","","Control 'Other' is residual probability not assigned to a D or R majority/control outcome.","national","US","United States"
"2.1.0","2026-08-13T20:51:31+00:00","2026-08-13T20:51:31+00:00","Election StatSheet","Mac Tan 2026 Bayesian Congressional Forecast","ess-2026-08-13-bdd159ab5a7e53d4","2026-08-13","","published","2026-11-03","US House Party Probability","D","64.87","percent","","","","probability of controlling the U.S. House","national","https://github.com/thisismactan/US-2026/tree/main/output","https://www.electionstatsheet.com/house","house_forecast_timeline.csv + senate_forecast_timeline.csv","","Control 'Other' is residual probability not assigned to a D or R majority/control outcome.","national","US","United States"
"2.1.0","2026-08-13T20:51:31+00:00","2026-08-13T20:51:31+00:00","Election StatSheet","Mac Tan 2026 Bayesian Congressional Forecast","ess-2026-08-13-bdd159ab5a7e53d4","2026-08-13","","published","2026-11-03","US House Party Probability","R","35.13","percent","","","","probability of controlling the U.S. House","national","https://github.com/thisismactan/US-2026/tree/main/output","https://www.electionstatsheet.com/house","house_forecast_timeline.csv + senate_forecast_timeline.csv","","Control 'Other' is residual probability not assigned to a D or R majority/control outcome.","national","US","United States"
"2.1.0","2026-08-13T20:51:31+00:00","2026-08-13T20:51:31+00:00","Election StatSheet","Mac Tan 2026 Bayesian Congressional Forecast","ess-2026-08-13-bdd159ab5a7e53d4","2026-08-13","","published","2026-11-03","US House Party Probability","Other","0","percent","","","","probability of controlling the U.S. House","national","https://github.com/thisismactan/US-2026/tree/main/output","https://www.electionstatsheet.com/house","house_forecast_timeline.csv + senate_forecast_timeline.csv","","Control 'Other' is residual probability not assigned to a D or R majority/control outcome.","national","US","United States"
"2.1.0","2026-08-13T20:51:31+00:00","2026-08-13T20:51:31+00:00","Election StatSheet","Mac Tan 2026 Bayesian Congressional Forecast","ess-2026-08-13-bdd159ab5a7e53d4","2026-08-13","","published","2026-11-03","US Senate Seats by Party","D","48.7863","seats","","44","53","posterior mean seats; independents separate where modeled","national","https://github.com/thisismactan/US-2026/tree/main/output","https://www.electionstatsheet.com/senate","house_forecast_timeline.csv + senate_forecast_timeline.csv","","Control 'Other' is residual probability not assigned to a D or R majority/control outcome.","national","US","United States"
"2.1.0","2026-08-13T20:51:31+00:00","2026-08-13T20:51:31+00:00","Election StatSheet","Mac Tan 2026 Bayesian Congressional Forecast","ess-2026-08-13-bdd159ab5a7e53d4","2026-08-13","","published","2026-11-03","US Senate Seats by Party","R","51.1051","seats","","","","posterior mean seats; independents separate where modeled","national","https://github.com/thisismactan/US-2026/tree/main/output","https://www.electionstatsheet.com/senate","house_forecast_timeline.csv + senate_forecast_timeline.csv","","Control 'Other' is residual probability not assigned to a D or R majority/control outcome.","national","US","United States"
"2.1.0","2026-08-13T20:51:31+00:00","2026-08-13T20:51:31+00:00","Election StatSheet","Mac Tan 2026 Bayesian Congressional Forecast","ess-2026-08-13-bdd159ab5a7e53d4","2026-08-13","","published","2026-11-03","US Senate Seats by Party","Other","0.1086","seats","","","","posterior mean seats; independents separate where modeled","national","https://github.com/thisismactan/US-2026/tree/main/output","https://www.electionstatsheet.com/senate","house_forecast_timeline.csv + senate_forecast_timeline.csv","","Control 'Other' is residual probability not assigned to a D or R majority/control outcome.","national","US","United States"
"2.1.0","2026-08-13T20:51:31+00:00","2026-08-13T20:51:31+00:00","Election StatSheet","Mac Tan 2026 Bayesian Congressional Forecast","ess-2026-08-13-bdd159ab5a7e53d4","2026-08-13","","published","2026-11-03","US Senate Party Probability","D","27.62","percent","","","","probability of controlling the U.S. Senate","national","https://github.com/thisismactan/US-2026/tree/main/output","https://www.electionstatsheet.com/senate","house_forecast_timeline.csv + senate_forecast_timeline.csv","","Control 'Other' is residual probability not assigned to a D or R majority/control outcome.","national","US","United States"
"2.1.0","2026-08-13T20:51:31+00:00","2026-08-13T20:51:31+00:00","Election StatSheet","Mac Tan 2026 Bayesian Congressional Forecast","ess-2026-08-13-bdd159ab5a7e53d4","2026-08-13","","published","2026-11-03","US Senate Party Probability","R","71","percent","","","","probability of controlling the U.S. Senate","national","https://github.com/thisismactan/US-2026/tree/main/output","https://www.electionstatsheet.com/senate","house_forecast_timeline.csv + senate_forecast_timeline.csv","","Control 'Other' is residual probability not assigned to a D or R majority/control outcome.","national","US","United States"
"2.1.0","2026-08-13T20:51:31+00:00","2026-08-13T20:51:31+00:00","Election StatSheet","Mac Tan 2026 Bayesian Congressional Forecast","ess-2026-08-13-bdd159ab5a7e53d4","2026-08-13","","published","2026-11-03","US Senate Party Probability","Other","1.38","percent","","","","probability of controlling the U.S. Senate","national","https://github.com/thisismactan/US-2026/tree/main/output","https://www.electionstatsheet.com/senate","house_forecast_timeline.csv + senate_forecast_timeline.csv","","Control 'Other' is residual probability not assigned to a D or R majority/control outcome.","national","US","United States"
"2.1.0","2026-08-13T20:51:31+00:00","2026-08-13T20:51:31+00:00","Election StatSheet","Mac Tan 2026 Bayesian Congressional Forecast","ess-2026-08-13-bdd159ab5a7e53d4","2026-08-13","","published","2026-11-03","US House Popular Vote Projection","D","53.948778","percent","","48.885222","58.911641","two-party House popular vote posterior mean","national","https://github.com/thisismactan/US-2026/tree/main/output","https://www.electionstatsheet.com/house","house_forecast_timeline.csv + senate_forecast_timeline.csv","","Control 'Other' is residual probability not assigned to a D or R majority/control outcome.","national","US","United States"
"2.1.0","2026-08-13T20:51:31+00:00","2026-08-13T20:51:31+00:00","Election StatSheet","Mac Tan 2026 Bayesian Congressional Forecast","ess-2026-08-13-bdd159ab5a7e53d4","2026-08-13","","published","2026-11-03","US House Popular Vote Projection","R","46.051222","percent","","","","two-party House popular vote posterior mean","national","https://github.com/thisismactan/US-2026/tree/main/output","https://www.electionstatsheet.com/house","house_forecast_timeline.csv + senate_forecast_timeline.csv","","Control 'Other' is residual probability not assigned to a D or R majority/control outcome.","national","US","United States"
"2.1.0","2026-08-13T20:51:31+00:00","2026-08-13T20:51:31+00:00","Election StatSheet","Mac Tan 2026 Bayesian Congressional Forecast","ess-2026-08-13-bdd159ab5a7e53d4","2026-08-13","","published","2026-11-03","US House Popular Vote Projection","Other","0","percent","","","","two-party House popular vote posterior mean","national","https://github.com/thisismactan/US-2026/tree/main/output","https://www.electionstatsheet.com/house","house_forecast_timeline.csv + senate_forecast_timeline.csv","","Control 'Other' is residual probability not assigned to a D or R majority/control outcome.","national","US","United States"
"2.1.0","2026-08-13T20:51:31+00:00","2026-08-13T20:51:31+00:00","Election StatSheet","Mac Tan 2026 Bayesian Congressional Forecast","ess-2026-08-13-bdd159ab5a7e53d4","2026-08-13","","published","2026-11-03","US House Popular Vote Margin","D-R","7.897556","percentage_points","","","","two-party House popular vote posterior mean","national","https://github.com/thisismactan/US-2026/tree/main/output","https://www.electionstatsheet.com/house","house_forecast_timeline.csv + senate_forecast_timeline.csv","","Control 'Other' is residual probability not assigned to a D or R majority/control outcome.","national","US","United States"
"2.1.0","2026-08-14T14:03:27+00:00","2026-08-14T14:03:27+00:00","ElectIndex","ElectIndex 2026 U.S. Election Forecast","electindex-2026-08-13-608d4fd406f2533a","2026-08-13","","published","2026-11-03","US House Seats by Party","D","236.7","seats","","","","published mean expected seats (avg_dem_seats / avg_gop_seats)","national","https://github.com/ElectIndex/26_us_forecast_data/tree/main/output","https://electindex.com/forecasts/","chambers.csv + national_indicators.csv","","ElectIndex publishes only Democratic chamber-control probability in chambers.csv; Republican control is stored as the binary complement. Published projected Democratic seats: House=231; Senate=50.","national","US","United States"
"2.1.0","2026-08-14T14:03:27+00:00","2026-08-14T14:03:27+00:00","ElectIndex","ElectIndex 2026 U.S. Election Forecast","electindex-2026-08-13-608d4fd406f2533a","2026-08-13","","published","2026-11-03","US House Seats by Party","R","198.3","seats","","","","published mean expected seats (avg_dem_seats / avg_gop_seats)","national","https://github.com/ElectIndex/26_us_forecast_data/tree/main/output","https://electindex.com/forecasts/","chambers.csv + national_indicators.csv","","ElectIndex publishes only Democratic chamber-control probability in chambers.csv; Republican control is stored as the binary complement. Published projected Democratic seats: House=231; Senate=50.","national","US","United States"
"2.1.0","2026-08-14T14:03:27+00:00","2026-08-14T14:03:27+00:00","ElectIndex","ElectIndex 2026 U.S. Election Forecast","electindex-2026-08-13-608d4fd406f2533a","2026-08-13","","published","2026-11-03","US House Seats by Party","Other","0","seats","","","","published mean expected seats (avg_dem_seats / avg_gop_seats)","national","https://github.com/ElectIndex/26_us_forecast_data/tree/main/output","https://electindex.com/forecasts/","chambers.csv + national_indicators.csv","","ElectIndex publishes only Democratic chamber-control probability in chambers.csv; Republican control is stored as the binary complement. Published projected Democratic seats: House=231; Senate=50.","national","US","United States"
"2.1.0","2026-08-14T14:03:27+00:00","2026-08-14T14:03:27+00:00","ElectIndex","ElectIndex 2026 U.S. Election Forecast","electindex-2026-08-13-608d4fd406f2533a","2026-08-13","","published","2026-11-03","US House Party Probability","D","70.6","percent","","","","probability of controlling the U.S. House","national","https://github.com/ElectIndex/26_us_forecast_data/tree/main/output","https://electindex.com/forecasts/","chambers.csv + national_indicators.csv","","ElectIndex publishes only Democratic chamber-control probability in chambers.csv; Republican control is stored as the binary complement. Published projected Democratic seats: House=231; Senate=50.","national","US","United States"
"2.1.0","2026-08-14T14:03:27+00:00","2026-08-14T14:03:27+00:00","ElectIndex","ElectIndex 2026 U.S. Election Forecast","electindex-2026-08-13-608d4fd406f2533a","2026-08-13","","published","2026-11-03","US House Party Probability","R","29.4","percent","","","","probability of controlling the U.S. House","national","https://github.com/ElectIndex/26_us_forecast_data/tree/main/output","https://electindex.com/forecasts/","chambers.csv + national_indicators.csv","","ElectIndex publishes only Democratic chamber-control probability in chambers.csv; Republican control is stored as the binary complement. Published projected Democratic seats: House=231; Senate=50.","national","US","United States"
"2.1.0","2026-08-14T14:03:27+00:00","2026-08-14T14:03:27+00:00","ElectIndex","ElectIndex 2026 U.S. Election Forecast","electindex-2026-08-13-608d4fd406f2533a","2026-08-13","","published","2026-11-03","US House Party Probability","Other","0","percent","","","","probability of controlling the U.S. House","national","https://github.com/ElectIndex/26_us_forecast_data/tree/main/output","https://electindex.com/forecasts/","chambers.csv + national_indicators.csv","","ElectIndex publishes only Democratic chamber-control probability in chambers.csv; Republican control is stored as the binary complement. Published projected Democratic seats: House=231; Senate=50.","national","US","United States"
"2.1.0","2026-08-14T14:03:27+00:00","2026-08-14T14:03:27+00:00","ElectIndex","ElectIndex 2026 U.S. Election Forecast","electindex-2026-08-13-608d4fd406f2533a","2026-08-13","","published","2026-11-03","US Senate Seats by Party","D","50.2","seats","","","","published mean expected seats (avg_dem_seats / avg_gop_seats)","national","https://github.com/ElectIndex/26_us_forecast_data/tree/main/output","https://electindex.com/forecasts/","chambers.csv + national_indicators.csv","","ElectIndex publishes only Democratic chamber-control probability in chambers.csv; Republican control is stored as the binary complement. Published projected Democratic seats: House=231; Senate=50.","national","US","United States"
"2.1.0","2026-08-14T14:03:27+00:00","2026-08-14T14:03:27+00:00","ElectIndex","ElectIndex 2026 U.S. Election Forecast","electindex-2026-08-13-608d4fd406f2533a","2026-08-13","","published","2026-11-03","US Senate Seats by Party","R","49.8","seats","","","","published mean expected seats (avg_dem_seats / avg_gop_seats)","national","https://github.com/ElectIndex/26_us_forecast_data/tree/main/output","https://electindex.com/forecasts/","chambers.csv + national_indicators.csv","","ElectIndex publishes only Democratic chamber-control probability in chambers.csv; Republican control is stored as the binary complement. Published projected Democratic seats: House=231; Senate=50.","national","US","United States"
"2.1.0","2026-08-14T14:03:27+00:00","2026-08-14T14:03:27+00:00","ElectIndex","ElectIndex 2026 U.S. Election Forecast","electindex-2026-08-13-608d4fd406f2533a","2026-08-13","","published","2026-11-03","US Senate Seats by Party","Other","0","seats","","","","published mean expected seats (avg_dem_seats / avg_gop_seats)","national","https://github.com/ElectIndex/26_us_forecast_data/tree/main/output","https://electindex.com/forecasts/","chambers.csv + national_indicators.csv","","ElectIndex publishes only Democratic chamber-control probability in chambers.csv; Republican control is stored as the binary complement. Published projected Democratic seats: House=231; Senate=50.","national","US","United States"
"2.1.0","2026-08-14T14:03:27+00:00","2026-08-14T14:03:27+00:00","ElectIndex","ElectIndex 2026 U.S. Election Forecast","electindex-2026-08-13-608d4fd406f2533a","2026-08-13","","published","2026-11-03","US Senate Party Probability","D","47.7","percent","","","","probability of controlling the U.S. Senate","national","https://github.com/ElectIndex/26_us_forecast_data/tree/main/output","https://electindex.com/forecasts/","chambers.csv + national_indicators.csv","","ElectIndex publishes only Democratic chamber-control probability in chambers.csv; Republican control is stored as the binary complement. Published projected Democratic seats: House=231; Senate=50.","national","US","United States"
"2.1.0","2026-08-14T14:03:27+00:00","2026-08-14T14:03:27+00:00","ElectIndex","ElectIndex 2026 U.S. Election Forecast","electindex-2026-08-13-608d4fd406f2533a","2026-08-13","","published","2026-11-03","US Senate Party Probability","R","52.3","percent","","","","probability of controlling the U.S. Senate","national","https://github.com/ElectIndex/26_us_forecast_data/tree/main/output","https://electindex.com/forecasts/","chambers.csv + national_indicators.csv","","ElectIndex publishes only Democratic chamber-control probability in chambers.csv; Republican control is stored as the binary complement. Published projected Democratic seats: House=231; Senate=50.","national","US","United States"
"2.1.0","2026-08-14T14:03:27+00:00","2026-08-14T14:03:27+00:00","ElectIndex","ElectIndex 2026 U.S. Election Forecast","electindex-2026-08-13-608d4fd406f2533a","2026-08-13","","published","2026-11-03","US Senate Party Probability","Other","0","percent","","","","probability of controlling the U.S. Senate","national","https://github.com/ElectIndex/26_us_forecast_data/tree/main/output","https://electindex.com/forecasts/","chambers.csv + national_indicators.csv","","ElectIndex publishes only Democratic chamber-control probability in chambers.csv; Republican control is stored as the binary complement. Published projected Democratic seats: House=231; Senate=50.","national","US","United States"
"2.1.0","2026-08-14T14:03:27+00:00","2026-08-14T14:03:27+00:00","ElectIndex","ElectIndex 2026 U.S. Election Forecast","electindex-2026-08-13-608d4fd406f2533a","2026-08-13","","published","2026-11-03","US House Popular Vote Projection","D","53.625711","percent","","","","all-party projected national House vote counts","national","https://github.com/ElectIndex/26_us_forecast_data/tree/main/output","https://electindex.com/forecasts/","chambers.csv + national_indicators.csv","","ElectIndex publishes only Democratic chamber-control probability in chambers.csv; Republican control is stored as the binary complement. Published projected Democratic seats: House=231; Senate=50.","national","US","United States"
"2.1.0","2026-08-14T14:03:27+00:00","2026-08-14T14:03:27+00:00","ElectIndex","ElectIndex 2026 U.S. Election Forecast","electindex-2026-08-13-608d4fd406f2533a","2026-08-13","","published","2026-11-03","US House Popular Vote Projection","R","46.186874","percent","","","","all-party projected national House vote counts","national","https://github.com/ElectIndex/26_us_forecast_data/tree/main/output","https://electindex.com/forecasts/","chambers.csv + national_indicators.csv","","ElectIndex publishes only Democratic chamber-control probability in chambers.csv; Republican control is stored as the binary complement. Published projected Democratic seats: House=231; Senate=50.","national","US","United States"
"2.1.0","2026-08-14T14:03:27+00:00","2026-08-14T14:03:27+00:00","ElectIndex","ElectIndex 2026 U.S. Election Forecast","electindex-2026-08-13-608d4fd406f2533a","2026-08-13","","published","2026-11-03","US House Popular Vote Projection","Other","0.187415","percent","","","","all-party projected national House vote counts","national","https://github.com/ElectIndex/26_us_forecast_data/tree/main/output","https://electindex.com/forecasts/","chambers.csv + national_indicators.csv","","ElectIndex publishes only Democratic chamber-control probability in chambers.csv; Republican control is stored as the binary complement. Published projected Democratic seats: House=231; Senate=50.","national","US","United States"
"2.1.0","2026-08-14T14:03:27+00:00","2026-08-14T14:03:27+00:00","ElectIndex","ElectIndex 2026 U.S. Election Forecast","electindex-2026-08-13-608d4fd406f2533a","2026-08-13","","published","2026-11-03","US House Popular Vote Margin","D-R","7.45","percentage_points","","","","all-party projected national House vote counts","national","https://github.com/ElectIndex/26_us_forecast_data/tree/main/output","https://electindex.com/forecasts/","chambers.csv + national_indicators.csv","","ElectIndex publishes only Democratic chamber-control probability in chambers.csv; Republican control is stored as the binary complement. Published projected Democratic seats: House=231; Senate=50.","national","US","United States"
"2.1.0","2026-08-14T14:03:27+00:00","2026-08-14T14:03:27+00:00","Election StatSheet","Mac Tan 2026 Bayesian Congressional Forecast","ess-2026-08-14-97026e6f7a47c39b","2026-08-14","","published","2026-11-03","US House Seats by Party","D","225.4987","seats","","200","259","posterior mean expected seats","national","https://github.com/thisismactan/US-2026/tree/main/output","https://www.electionstatsheet.com/house","house_forecast_timeline.csv + senate_forecast_timeline.csv","","Control 'Other' is residual probability not assigned to a D or R majority/control outcome.","national","US","United States"
"2.1.0","2026-08-14T14:03:27+00:00","2026-08-14T14:03:27+00:00","Election StatSheet","Mac Tan 2026 Bayesian Congressional Forecast","ess-2026-08-14-97026e6f7a47c39b","2026-08-14","","published","2026-11-03","US House Seats by Party","R","209.5013","seats","","","","posterior mean expected seats","national","https://github.com/thisismactan/US-2026/tree/main/output","https://www.electionstatsheet.com/house","house_forecast_timeline.csv + senate_forecast_timeline.csv","","Control 'Other' is residual probability not assigned to a D or R majority/control outcome.","national","US","United States"
"2.1.0","2026-08-14T14:03:27+00:00","2026-08-14T14:03:27+00:00","Election StatSheet","Mac Tan 2026 Bayesian Congressional Forecast","ess-2026-08-14-97026e6f7a47c39b","2026-08-14","","published","2026-11-03","US House Seats by Party","Other","0","seats","","","","posterior mean expected seats","national","https://github.com/thisismactan/US-2026/tree/main/output","https://www.electionstatsheet.com/house","house_forecast_timeline.csv + senate_forecast_timeline.csv","","Control 'Other' is residual probability not assigned to a D or R majority/control outcome.","national","US","United States"
"2.1.0","2026-08-14T14:03:27+00:00","2026-08-14T14:03:27+00:00","Election StatSheet","Mac Tan 2026 Bayesian Congressional Forecast","ess-2026-08-14-97026e6f7a47c39b","2026-08-14","","published","2026-11-03","US House Party Probability","D","63.53","percent","","","","probability of controlling the U.S. House","national","https://github.com/thisismactan/US-2026/tree/main/output","https://www.electionstatsheet.com/house","house_forecast_timeline.csv + senate_forecast_timeline.csv","","Control 'Other' is residual probability not assigned to a D or R majority/control outcome.","national","US","United States"
"2.1.0","2026-08-14T14:03:27+00:00","2026-08-14T14:03:27+00:00","Election StatSheet","Mac Tan 2026 Bayesian Congressional Forecast","ess-2026-08-14-97026e6f7a47c39b","2026-08-14","","published","2026-11-03","US House Party Probability","R","36.47","percent","","","","probability of controlling the U.S. House","national","https://github.com/thisismactan/US-2026/tree/main/output","https://www.electionstatsheet.com/house","house_forecast_timeline.csv + senate_forecast_timeline.csv","","Control 'Other' is residual probability not assigned to a D or R majority/control outcome.","national","US","United States"
"2.1.0","2026-08-14T14:03:27+00:00","2026-08-14T14:03:27+00:00","Election StatSheet","Mac Tan 2026 Bayesian Congressional Forecast","ess-2026-08-14-97026e6f7a47c39b","2026-08-14","","published","2026-11-03","US House Party Probability","Other","0","percent","","","","probability of controlling the U.S. House","national","https://github.com/thisismactan/US-2026/tree/main/output","https://www.electionstatsheet.com/house","house_forecast_timeline.csv + senate_forecast_timeline.csv","","Control 'Other' is residual probability not assigned to a D or R majority/control outcome.","national","US","United States"
"2.1.0","2026-08-14T14:03:27+00:00","2026-08-14T14:03:27+00:00","Election StatSheet","Mac Tan 2026 Bayesian Congressional Forecast","ess-2026-08-14-97026e6f7a47c39b","2026-08-14","","published","2026-11-03","US Senate Seats by Party","D","48.8383","seats","","44","53","posterior mean seats; independents separate where modeled","national","https://github.com/thisismactan/US-2026/tree/main/output","https://www.electionstatsheet.com/senate","house_forecast_timeline.csv + senate_forecast_timeline.csv","","Control 'Other' is residual probability not assigned to a D or R majority/control outcome.","national","US","United States"
"2.1.0","2026-08-14T14:03:27+00:00","2026-08-14T14:03:27+00:00","Election StatSheet","Mac Tan 2026 Bayesian Congressional Forecast","ess-2026-08-14-97026e6f7a47c39b","2026-08-14","","published","2026-11-03","US Senate Seats by Party","R","51.0403","seats","","","","posterior mean seats; independents separate where modeled","national","https://github.com/thisismactan/US-2026/tree/main/output","https://www.electionstatsheet.com/senate","house_forecast_timeline.csv + senate_forecast_timeline.csv","","Control 'Other' is residual probability not assigned to a D or R majority/control outcome.","national","US","United States"
"2.1.0","2026-08-14T14:03:27+00:00","2026-08-14T14:03:27+00:00","Election StatSheet","Mac Tan 2026 Bayesian Congressional Forecast","ess-2026-08-14-97026e6f7a47c39b","2026-08-14","","published","2026-11-03","US Senate Seats by Party","Other","0.1214","seats","","","","posterior mean seats; independents separate where modeled","national","https://github.com/thisismactan/US-2026/tree/main/output","https://www.electionstatsheet.com/senate","house_forecast_timeline.csv + senate_forecast_timeline.csv","","Control 'Other' is residual probability not assigned to a D or R majority/control outcome.","national","US","United States"
"2.1.0","2026-08-14T14:03:27+00:00","2026-08-14T14:03:27+00:00","Election StatSheet","Mac Tan 2026 Bayesian Congressional Forecast","ess-2026-08-14-97026e6f7a47c39b","2026-08-14","","published","2026-11-03","US Senate Party Probability","D","28.46","percent","","","","probability of controlling the U.S. Senate","national","https://github.com/thisismactan/US-2026/tree/main/output","https://www.electionstatsheet.com/senate","house_forecast_timeline.csv + senate_forecast_timeline.csv","","Control 'Other' is residual probability not assigned to a D or R majority/control outcome.","national","US","United States"
"2.1.0","2026-08-14T14:03:27+00:00","2026-08-14T14:03:27+00:00","Election StatSheet","Mac Tan 2026 Bayesian Congressional Forecast","ess-2026-08-14-97026e6f7a47c39b","2026-08-14","","published","2026-11-03","US Senate Party Probability","R","69.89","percent","","","","probability of controlling the U.S. Senate","national","https://github.com/thisismactan/US-2026/tree/main/output","https://www.electionstatsheet.com/senate","house_forecast_timeline.csv + senate_forecast_timeline.csv","","Control 'Other' is residual probability not assigned to a D or R majority/control outcome.","national","US","United States"
"2.1.0","2026-08-14T14:03:27+00:00","2026-08-14T14:03:27+00:00","Election StatSheet","Mac Tan 2026 Bayesian Congressional Forecast","ess-2026-08-14-97026e6f7a47c39b","2026-08-14","","published","2026-11-03","US Senate Party Probability","Other","1.65","percent","","","","probability of controlling the U.S. Senate","national","https://github.com/thisismactan/US-2026/tree/main/output","https://www.electionstatsheet.com/senate","house_forecast_timeline.csv + senate_forecast_timeline.csv","","Control 'Other' is residual probability not assigned to a D or R majority/control outcome.","national","US","United States"
"2.1.0","2026-08-14T14:03:27+00:00","2026-08-14T14:03:27+00:00","Election StatSheet","Mac Tan 2026 Bayesian Congressional Forecast","ess-2026-08-14-97026e6f7a47c39b","2026-08-14","","published","2026-11-03","US House Popular Vote Projection","D","53.919135","percent","","48.842038","58.997427","two-party House popular vote posterior mean","national","https://github.com/thisismactan/US-2026/tree/main/output","https://www.electionstatsheet.com/house","house_forecast_timeline.csv + senate_forecast_timeline.csv","","Control 'Other' is residual probability not assigned to a D or R majority/control outcome.","national","US","United States"
"2.1.0","2026-08-14T14:03:27+00:00","2026-08-14T14:03:27+00:00","Election StatSheet","Mac Tan 2026 Bayesian Congressional Forecast","ess-2026-08-14-97026e6f7a47c39b","2026-08-14","","published","2026-11-03","US House Popular Vote Projection","R","46.080865","percent","","","","two-party House popular vote posterior mean","national","https://github.com/thisismactan/US-2026/tree/main/output","https://www.electionstatsheet.com/house","house_forecast_timeline.csv + senate_forecast_timeline.csv","","Control 'Other' is residual probability not assigned to a D or R majority/control outcome.","national","US","United States"
"2.1.0","2026-08-14T14:03:27+00:00","2026-08-14T14:03:27+00:00","Election StatSheet","Mac Tan 2026 Bayesian Congressional Forecast","ess-2026-08-14-97026e6f7a47c39b","2026-08-14","","published","2026-11-03","US House Popular Vote Projection","Other","0","percent","","","","two-party House popular vote posterior mean","national","https://github.com/thisismactan/US-2026/tree/main/output","https://www.electionstatsheet.com/house","house_forecast_timeline.csv + senate_forecast_timeline.csv","","Control 'Other' is residual probability not assigned to a D or R majority/control outcome.","national","US","United States"
"2.1.0","2026-08-14T14:03:27+00:00","2026-08-14T14:03:27+00:00","Election StatSheet","Mac Tan 2026 Bayesian Congressional Forecast","ess-2026-08-14-97026e6f7a47c39b","2026-08-14","","published","2026-11-03","US House Popular Vote Margin","D-R","7.83827","percentage_points","","","","two-party House popular vote posterior mean","national","https://github.com/thisismactan/US-2026/tree/main/output","https://www.electionstatsheet.com/house","house_forecast_timeline.csv + senate_forecast_timeline.csv","","Control 'Other' is residual probability not assigned to a D or R majority/control outcome.","national","US","United States"
"2.1.0","2026-08-14T16:56:15+00:00","2026-08-14T16:56:15+00:00","Grant Williams","2026 Midterms Forecast v5.0.0","forecast-20260813T030728Z-a6a2d8296dcd","2026-08-13","2026-08-13T03:07:28.900559+00:00","healthy","2026-11-03","US House Seats by Party","D","250.35","seats","245","206","313","posterior mean expected seats","national","https://grantbw4.github.io/2026-midterms-forecast/","https://grantbw4.github.io/2026-midterms-forecast/","forecast.json + senate_forecast.json","healthy","","national","US","United States"
"2.1.0","2026-08-14T16:56:15+00:00","2026-08-14T16:56:15+00:00","Grant Williams","2026 Midterms Forecast v5.0.0","forecast-20260813T030728Z-a6a2d8296dcd","2026-08-13","2026-08-13T03:07:28.900559+00:00","healthy","2026-11-03","US House Seats by Party","R","184.65","seats","190","","","posterior mean expected seats","national","https://grantbw4.github.io/2026-midterms-forecast/","https://grantbw4.github.io/2026-midterms-forecast/","forecast.json + senate_forecast.json","healthy","","national","US","United States"
"2.1.0","2026-08-14T16:56:15+00:00","2026-08-14T16:56:15+00:00","Grant Williams","2026 Midterms Forecast v5.0.0","forecast-20260813T030728Z-a6a2d8296dcd","2026-08-13","2026-08-13T03:07:28.900559+00:00","healthy","2026-11-03","US House Seats by Party","Other","0","seats","0","","","posterior mean expected seats","national","https://grantbw4.github.io/2026-midterms-forecast/","https://grantbw4.github.io/2026-midterms-forecast/","forecast.json + senate_forecast.json","healthy","","national","US","United States"
"2.1.0","2026-08-14T16:56:15+00:00","2026-08-14T16:56:15+00:00","Grant Williams","2026 Midterms Forecast v5.0.0","forecast-20260813T030728Z-a6a2d8296dcd","2026-08-13","2026-08-13T03:07:28.900559+00:00","healthy","2026-11-03","US House Party Probability","D","86.14","percent","","","","probability of controlling the U.S. House","national","https://grantbw4.github.io/2026-midterms-forecast/","https://grantbw4.github.io/2026-midterms-forecast/","forecast.json + senate_forecast.json","healthy","","national","US","United States"
"2.1.0","2026-08-14T16:56:15+00:00","2026-08-14T16:56:15+00:00","Grant Williams","2026 Midterms Forecast v5.0.0","forecast-20260813T030728Z-a6a2d8296dcd","2026-08-13","2026-08-13T03:07:28.900559+00:00","healthy","2026-11-03","US House Party Probability","R","13.86","percent","","","","probability of controlling the U.S. House","national","https://grantbw4.github.io/2026-midterms-forecast/","https://grantbw4.github.io/2026-midterms-forecast/","forecast.json + senate_forecast.json","healthy","","national","US","United States"
"2.1.0","2026-08-14T16:56:15+00:00","2026-08-14T16:56:15+00:00","Grant Williams","2026 Midterms Forecast v5.0.0","forecast-20260813T030728Z-a6a2d8296dcd","2026-08-13","2026-08-13T03:07:28.900559+00:00","healthy","2026-11-03","US House Party Probability","Other","0","percent","","","","probability of controlling the U.S. House","national","https://grantbw4.github.io/2026-midterms-forecast/","https://grantbw4.github.io/2026-midterms-forecast/","forecast.json + senate_forecast.json","healthy","","national","US","United States"
"2.1.0","2026-08-14T16:56:15+00:00","2026-08-14T16:56:15+00:00","Grant Williams","2026 Midterms Forecast v5.0.0","forecast-20260813T030728Z-a6a2d8296dcd","2026-08-13","2026-08-13T03:07:28.900559+00:00","healthy","2026-11-03","US Senate Seats by Party","D","51.32","seats","51","47","56","posterior mean caucus seats; aligned independents are included in the Democratic caucus","national","https://grantbw4.github.io/2026-midterms-forecast/","https://grantbw4.github.io/2026-midterms-forecast/","forecast.json + senate_forecast.json","healthy","","national","US","United States"
"2.1.0","2026-08-14T16:56:15+00:00","2026-08-14T16:56:15+00:00","Grant Williams","2026 Midterms Forecast v5.0.0","forecast-20260813T030728Z-a6a2d8296dcd","2026-08-13","2026-08-13T03:07:28.900559+00:00","healthy","2026-11-03","US Senate Seats by Party","R","48.68","seats","49","","","posterior mean caucus seats; aligned independents are included in the Democratic caucus","national","https://grantbw4.github.io/2026-midterms-forecast/","https://grantbw4.github.io/2026-midterms-forecast/","forecast.json + senate_forecast.json","healthy","","national","US","United States"
"2.1.0","2026-08-14T16:56:15+00:00","2026-08-14T16:56:15+00:00","Grant Williams","2026 Midterms Forecast v5.0.0","forecast-20260813T030728Z-a6a2d8296dcd","2026-08-13","2026-08-13T03:07:28.900559+00:00","healthy","2026-11-03","US Senate Seats by Party","Other","0","seats","0","","","posterior mean caucus seats; aligned independents are included in the Democratic caucus","national","https://grantbw4.github.io/2026-midterms-forecast/","https://grantbw4.github.io/2026-midterms-forecast/","forecast.json + senate_forecast.json","healthy","","national","US","United States"
"2.1.0","2026-08-14T16:56:15+00:00","2026-08-14T16:56:15+00:00","Grant Williams","2026 Midterms Forecast v5.0.0","forecast-20260813T030728Z-a6a2d8296dcd","2026-08-13","2026-08-13T03:07:28.900559+00:00","healthy","2026-11-03","US Senate Party Probability","D","59.89","percent","","","","probability of controlling the U.S. Senate","national","https://grantbw4.github.io/2026-midterms-forecast/","https://grantbw4.github.io/2026-midterms-forecast/","forecast.json + senate_forecast.json","healthy","","national","US","United States"
"2.1.0","2026-08-14T16:56:15+00:00","2026-08-14T16:56:15+00:00","Grant Williams","2026 Midterms Forecast v5.0.0","forecast-20260813T030728Z-a6a2d8296dcd","2026-08-13","2026-08-13T03:07:28.900559+00:00","healthy","2026-11-03","US Senate Party Probability","R","40.11","percent","","","","probability of controlling the U.S. Senate","national","https://grantbw4.github.io/2026-midterms-forecast/","https://grantbw4.github.io/2026-midterms-forecast/","forecast.json + senate_forecast.json","healthy","","national","US","United States"
"2.1.0","2026-08-14T16:56:15+00:00","2026-08-14T16:56:15+00:00","Grant Williams","2026 Midterms Forecast v5.0.0","forecast-20260813T030728Z-a6a2d8296dcd","2026-08-13","2026-08-13T03:07:28.900559+00:00","healthy","2026-11-03","US Senate Party Probability","Other","0","percent","","","","probability of controlling the U.S. Senate","national","https://grantbw4.github.io/2026-midterms-forecast/","https://grantbw4.github.io/2026-midterms-forecast/","forecast.json + senate_forecast.json","healthy","","national","US","United States"
"2.1.0","2026-08-14T16:56:15+00:00","2026-08-14T16:56:15+00:00","Grant Williams","2026 Midterms Forecast v5.0.0","forecast-20260813T030728Z-a6a2d8296dcd","2026-08-13","2026-08-13T03:07:28.900559+00:00","healthy","2026-11-03","US House Popular Vote Projection","D","52.837","percent","","51.0405","54.622","Democratic two-party election-day House popular-vote margin","national","https://grantbw4.github.io/2026-midterms-forecast/","https://grantbw4.github.io/2026-midterms-forecast/","forecast.json + senate_forecast.json","healthy","","national","US","United States"
"2.1.0","2026-08-14T16:56:15+00:00","2026-08-14T16:56:15+00:00","Grant Williams","2026 Midterms Forecast v5.0.0","forecast-20260813T030728Z-a6a2d8296dcd","2026-08-13","2026-08-13T03:07:28.900559+00:00","healthy","2026-11-03","US House Popular Vote Projection","R","47.163","percent","","","","Democratic two-party election-day House popular-vote margin","national","https://grantbw4.github.io/2026-midterms-forecast/","https://grantbw4.github.io/2026-midterms-forecast/","forecast.json + senate_forecast.json","healthy","","national","US","United States"
"2.1.0","2026-08-14T16:56:15+00:00","2026-08-14T16:56:15+00:00","Grant Williams","2026 Midterms Forecast v5.0.0","forecast-20260813T030728Z-a6a2d8296dcd","2026-08-13","2026-08-13T03:07:28.900559+00:00","healthy","2026-11-03","US House Popular Vote Projection","Other","0","percent","","","","Democratic two-party election-day House popular-vote margin","national","https://grantbw4.github.io/2026-midterms-forecast/","https://grantbw4.github.io/2026-midterms-forecast/","forecast.json + senate_forecast.json","healthy","","national","US","United States"
"2.1.0","2026-08-14T16:56:15+00:00","2026-08-14T16:56:15+00:00","Grant Williams","2026 Midterms Forecast v5.0.0","forecast-20260813T030728Z-a6a2d8296dcd","2026-08-13","2026-08-13T03:07:28.900559+00:00","healthy","2026-11-03","US House Popular Vote Margin","D-R","5.674","percentage_points","","","","Democratic two-party election-day House popular-vote margin","national","https://grantbw4.github.io/2026-midterms-forecast/","https://grantbw4.github.io/2026-midterms-forecast/","forecast.json + senate_forecast.json","healthy","","national","US","United States"
"2.1.0","2026-08-15T14:32:46+00:00","2026-08-15T14:32:46+00:00","Grant Williams","2026 Midterms Forecast v5.0.0","forecast-20260815T023224Z-83b446e7fa0b","2026-08-15","2026-08-15T02:32:24.129024+00:00","degraded","2026-11-03","US House Seats by Party","D","250.88","seats","246","207","314","posterior mean expected seats","national","https://grantbw4.github.io/2026-midterms-forecast/","https://grantbw4.github.io/2026-midterms-forecast/","forecast.json + senate_forecast.json","degraded","","national","US","United States"
"2.1.0","2026-08-15T14:32:46+00:00","2026-08-15T14:32:46+00:00","Grant Williams","2026 Midterms Forecast v5.0.0","forecast-20260815T023224Z-83b446e7fa0b","2026-08-15","2026-08-15T02:32:24.129024+00:00","degraded","2026-11-03","US House Seats by Party","R","184.12","seats","189","","","posterior mean expected seats","national","https://grantbw4.github.io/2026-midterms-forecast/","https://grantbw4.github.io/2026-midterms-forecast/","forecast.json + senate_forecast.json","degraded","","national","US","United States"
"2.1.0","2026-08-15T14:32:46+00:00","2026-08-15T14:32:46+00:00","Grant Williams","2026 Midterms Forecast v5.0.0","forecast-20260815T023224Z-83b446e7fa0b","2026-08-15","2026-08-15T02:32:24.129024+00:00","degraded","2026-11-03","US House Seats by Party","Other","0","seats","0","","","posterior mean expected seats","national","https://grantbw4.github.io/2026-midterms-forecast/","https://grantbw4.github.io/2026-midterms-forecast/","forecast.json + senate_forecast.json","degraded","","national","US","United States"
"2.1.0","2026-08-15T14:32:46+00:00","2026-08-15T14:32:46+00:00","Grant Williams","2026 Midterms Forecast v5.0.0","forecast-20260815T023224Z-83b446e7fa0b","2026-08-15","2026-08-15T02:32:24.129024+00:00","degraded","2026-11-03","US House Party Probability","D","86.83","percent","","","","probability of controlling the U.S. House","national","https://grantbw4.github.io/2026-midterms-forecast/","https://grantbw4.github.io/2026-midterms-forecast/","forecast.json + senate_forecast.json","degraded","","national","US","United States"
"2.1.0","2026-08-15T14:32:46+00:00","2026-08-15T14:32:46+00:00","Grant Williams","2026 Midterms Forecast v5.0.0","forecast-20260815T023224Z-83b446e7fa0b","2026-08-15","2026-08-15T02:32:24.129024+00:00","degraded","2026-11-03","US House Party Probability","R","13.17","percent","","","","probability of controlling the U.S. House","national","https://grantbw4.github.io/2026-midterms-forecast/","https://grantbw4.github.io/2026-midterms-forecast/","forecast.json + senate_forecast.json","degraded","","national","US","United States"
"2.1.0","2026-08-15T14:32:46+00:00","2026-08-15T14:32:46+00:00","Grant Williams","2026 Midterms Forecast v5.0.0","forecast-20260815T023224Z-83b446e7fa0b","2026-08-15","2026-08-15T02:32:24.129024+00:00","degraded","2026-11-03","US House Party Probability","Other","0","percent","","","","probability of controlling the U.S. House","national","https://grantbw4.github.io/2026-midterms-forecast/","https://grantbw4.github.io/2026-midterms-forecast/","forecast.json + senate_forecast.json","degraded","","national","US","United States"
"2.1.0","2026-08-15T14:32:46+00:00","2026-08-15T14:32:46+00:00","Grant Williams","2026 Midterms Forecast v5.0.0","forecast-20260815T023224Z-83b446e7fa0b","2026-08-15","2026-08-15T02:32:24.129024+00:00","degraded","2026-11-03","US Senate Seats by Party","D","51.23","seats","51","47","56","posterior mean caucus seats; aligned independents are included in the Democratic caucus","national","https://grantbw4.github.io/2026-midterms-forecast/","https://grantbw4.github.io/2026-midterms-forecast/","forecast.json + senate_forecast.json","degraded","","national","US","United States"
"2.1.0","2026-08-15T14:32:46+00:00","2026-08-15T14:32:46+00:00","Grant Williams","2026 Midterms Forecast v5.0.0","forecast-20260815T023224Z-83b446e7fa0b","2026-08-15","2026-08-15T02:32:24.129024+00:00","degraded","2026-11-03","US Senate Seats by Party","R","48.77","seats","49","","","posterior mean caucus seats; aligned independents are included in the Democratic caucus","national","https://grantbw4.github.io/2026-midterms-forecast/","https://grantbw4.github.io/2026-midterms-forecast/","forecast.json + senate_forecast.json","degraded","","national","US","United States"
"2.1.0","2026-08-15T14:32:46+00:00","2026-08-15T14:32:46+00:00","Grant Williams","2026 Midterms Forecast v5.0.0","forecast-20260815T023224Z-83b446e7fa0b","2026-08-15","2026-08-15T02:32:24.129024+00:00","degraded","2026-11-03","US Senate Seats by Party","Other","0","seats","0","","","posterior mean caucus seats; aligned independents are included in the Democratic caucus","national","https://grantbw4.github.io/2026-midterms-forecast/","https://grantbw4.github.io/2026-midterms-forecast/","forecast.json + senate_forecast.json","degraded","","national","US","United States"
"2.1.0","2026-08-15T14:32:46+00:00","2026-08-15T14:32:46+00:00","Grant Williams","2026 Midterms Forecast v5.0.0","forecast-20260815T023224Z-83b446e7fa0b","2026-08-15","2026-08-15T02:32:24.129024+00:00","degraded","2026-11-03","US Senate Party Probability","D","58.61","percent","","","","probability of controlling the U.S. Senate","national","https://grantbw4.github.io/2026-midterms-forecast/","https://grantbw4.github.io/2026-midterms-forecast/","forecast.json + senate_forecast.json","degraded","","national","US","United States"
"2.1.0","2026-08-15T14:32:46+00:00","2026-08-15T14:32:46+00:00","Grant Williams","2026 Midterms Forecast v5.0.0","forecast-20260815T023224Z-83b446e7fa0b","2026-08-15","2026-08-15T02:32:24.129024+00:00","degraded","2026-11-03","US Senate Party Probability","R","41.39","percent","","","","probability of controlling the U.S. Senate","national","https://grantbw4.github.io/2026-midterms-forecast/","https://grantbw4.github.io/2026-midterms-forecast/","forecast.json + senate_forecast.json","degraded","","national","US","United States"
"2.1.0","2026-08-15T14:32:46+00:00","2026-08-15T14:32:46+00:00","Grant Williams","2026 Midterms Forecast v5.0.0","forecast-20260815T023224Z-83b446e7fa0b","2026-08-15","2026-08-15T02:32:24.129024+00:00","degraded","2026-11-03","US Senate Party Probability","Other","0","percent","","","","probability of controlling the U.S. Senate","national","https://grantbw4.github.io/2026-midterms-forecast/","https://grantbw4.github.io/2026-midterms-forecast/","forecast.json + senate_forecast.json","degraded","","national","US","United States"
"2.1.0","2026-08-15T14:32:46+00:00","2026-08-15T14:32:46+00:00","Grant Williams","2026 Midterms Forecast v5.0.0","forecast-20260815T023224Z-83b446e7fa0b","2026-08-15","2026-08-15T02:32:24.129024+00:00","degraded","2026-11-03","US House Popular Vote Projection","D","52.8605","percent","","51.0615","54.6475","Democratic two-party election-day House popular-vote margin","national","https://grantbw4.github.io/2026-midterms-forecast/","https://grantbw4.github.io/2026-midterms-forecast/","forecast.json + senate_forecast.json","degraded","","national","US","United States"
"2.1.0","2026-08-15T14:32:46+00:00","2026-08-15T14:32:46+00:00","Grant Williams","2026 Midterms Forecast v5.0.0","forecast-20260815T023224Z-83b446e7fa0b","2026-08-15","2026-08-15T02:32:24.129024+00:00","degraded","2026-11-03","US House Popular Vote Projection","R","47.1395","percent","","","","Democratic two-party election-day House popular-vote margin","national","https://grantbw4.github.io/2026-midterms-forecast/","https://grantbw4.github.io/2026-midterms-forecast/","forecast.json + senate_forecast.json","degraded","","national","US","United States"
"2.1.0","2026-08-15T14:32:46+00:00","2026-08-15T14:32:46+00:00","Grant Williams","2026 Midterms Forecast v5.0.0","forecast-20260815T023224Z-83b446e7fa0b","2026-08-15","2026-08-15T02:32:24.129024+00:00","degraded","2026-11-03","US House Popular Vote Projection","Other","0","percent","","","","Democratic two-party election-day House popular-vote margin","national","https://grantbw4.github.io/2026-midterms-forecast/","https://grantbw4.github.io/2026-midterms-forecast/","forecast.json + senate_forecast.json","degraded","","national","US","United States"
"2.1.0","2026-08-15T14:32:46+00:00","2026-08-15T14:32:46+00:00","Grant Williams","2026 Midterms Forecast v5.0.0","forecast-20260815T023224Z-83b446e7fa0b","2026-08-15","2026-08-15T02:32:24.129024+00:00","degraded","2026-11-03","US House Popular Vote Margin","D-R","5.721","percentage_points","","","","Democratic two-party election-day House popular-vote margin","national","https://grantbw4.github.io/2026-midterms-forecast/","https://grantbw4.github.io/2026-midterms-forecast/","forecast.json + senate_forecast.json","degraded","","national","US","United States"
"2.1.0","2026-08-16T13:09:47+00:00","2026-08-16T13:09:47+00:00","ElectIndex","ElectIndex 2026 U.S. Election Forecast","electindex-2026-08-15-676b8bfecc5c4a3f","2026-08-15","","published","2026-11-03","US House Seats by Party","D","238.5","seats","","","","published mean expected seats (avg_dem_seats / avg_gop_seats)","national","https://github.com/ElectIndex/26_us_forecast_data/tree/main/output","https://electindex.com/forecasts/","chambers.csv + national_indicators.csv","","ElectIndex publishes only Democratic chamber-control probability in chambers.csv; Republican control is stored as the binary complement. Published projected Democratic seats: House=231; Senate=51.","national","US","United States"
"2.1.0","2026-08-16T13:09:47+00:00","2026-08-16T13:09:47+00:00","ElectIndex","ElectIndex 2026 U.S. Election Forecast","electindex-2026-08-15-676b8bfecc5c4a3f","2026-08-15","","published","2026-11-03","US House Seats by Party","R","196.5","seats","","","","published mean expected seats (avg_dem_seats / avg_gop_seats)","national","https://github.com/ElectIndex/26_us_forecast_data/tree/main/output","https://electindex.com/forecasts/","chambers.csv + national_indicators.csv","","ElectIndex publishes only Democratic chamber-control probability in chambers.csv; Republican control is stored as the binary complement. Published projected Democratic seats: House=231; Senate=51.","national","US","United States"
"2.1.0","2026-08-16T13:09:47+00:00","2026-08-16T13:09:47+00:00","ElectIndex","ElectIndex 2026 U.S. Election Forecast","electindex-2026-08-15-676b8bfecc5c4a3f","2026-08-15","","published","2026-11-03","US House Seats by Party","Other","0","seats","","","","published mean expected seats (avg_dem_seats / avg_gop_seats)","national","https://github.com/ElectIndex/26_us_forecast_data/tree/main/output","https://electindex.com/forecasts/","chambers.csv + national_indicators.csv","","ElectIndex publishes only Democratic chamber-control probability in chambers.csv; Republican control is stored as the binary complement. Published projected Democratic seats: House=231; Senate=51.","national","US","United States"
"2.1.0","2026-08-16T13:09:47+00:00","2026-08-16T13:09:47+00:00","ElectIndex","ElectIndex 2026 U.S. Election Forecast","electindex-2026-08-15-676b8bfecc5c4a3f","2026-08-15","","published","2026-11-03","US House Party Probability","D","71.9","percent","","","","probability of controlling the U.S. House","national","https://github.com/ElectIndex/26_us_forecast_data/tree/main/output","https://electindex.com/forecasts/","chambers.csv + national_indicators.csv","","ElectIndex publishes only Democratic chamber-control probability in chambers.csv; Republican control is stored as the binary complement. Published projected Democratic seats: House=231; Senate=51.","national","US","United States"
"2.1.0","2026-08-16T13:09:47+00:00","2026-08-16T13:09:47+00:00","ElectIndex","ElectIndex 2026 U.S. Election Forecast","electindex-2026-08-15-676b8bfecc5c4a3f","2026-08-15","","published","2026-11-03","US House Party Probability","R","28.1","percent","","","","probability of controlling the U.S. House","national","https://github.com/ElectIndex/26_us_forecast_data/tree/main/output","https://electindex.com/forecasts/","chambers.csv + national_indicators.csv","","ElectIndex publishes only Democratic chamber-control probability in chambers.csv; Republican control is stored as the binary complement. Published projected Democratic seats: House=231; Senate=51.","national","US","United States"
"2.1.0","2026-08-16T13:09:47+00:00","2026-08-16T13:09:47+00:00","ElectIndex","ElectIndex 2026 U.S. Election Forecast","electindex-2026-08-15-676b8bfecc5c4a3f","2026-08-15","","published","2026-11-03","US House Party Probability","Other","0","percent","","","","probability of controlling the U.S. House","national","https://github.com/ElectIndex/26_us_forecast_data/tree/main/output","https://electindex.com/forecasts/","chambers.csv + national_indicators.csv","","ElectIndex publishes only Democratic chamber-control probability in chambers.csv; Republican control is stored as the binary complement. Published projected Democratic seats: House=231; Senate=51.","national","US","United States"
"2.1.0","2026-08-16T13:09:47+00:00","2026-08-16T13:09:47+00:00","ElectIndex","ElectIndex 2026 U.S. Election Forecast","electindex-2026-08-15-676b8bfecc5c4a3f","2026-08-15","","published","2026-11-03","US Senate Seats by Party","D","50.3","seats","","","","published mean expected seats (avg_dem_seats / avg_gop_seats)","national","https://github.com/ElectIndex/26_us_forecast_data/tree/main/output","https://electindex.com/forecasts/","chambers.csv + national_indicators.csv","","ElectIndex publishes only Democratic chamber-control probability in chambers.csv; Republican control is stored as the binary complement. Published projected Democratic seats: House=231; Senate=51.","national","US","United States"
"2.1.0","2026-08-16T13:09:47+00:00","2026-08-16T13:09:47+00:00","ElectIndex","ElectIndex 2026 U.S. Election Forecast","electindex-2026-08-15-676b8bfecc5c4a3f","2026-08-15","","published","2026-11-03","US Senate Seats by Party","R","49.7","seats","","","","published mean expected seats (avg_dem_seats / avg_gop_seats)","national","https://github.com/ElectIndex/26_us_forecast_data/tree/main/output","https://electindex.com/forecasts/","chambers.csv + national_indicators.csv","","ElectIndex publishes only Democratic chamber-control probability in chambers.csv; Republican control is stored as the binary complement. Published projected Democratic seats: House=231; Senate=51.","national","US","United States"
"2.1.0","2026-08-16T13:09:47+00:00","2026-08-16T13:09:47+00:00","ElectIndex","ElectIndex 2026 U.S. Election Forecast","electindex-2026-08-15-676b8bfecc5c4a3f","2026-08-15","","published","2026-11-03","US Senate Seats by Party","Other","0","seats","","","","published mean expected seats (avg_dem_seats / avg_gop_seats)","national","https://github.com/ElectIndex/26_us_forecast_data/tree/main/output","https://electindex.com/forecasts/","chambers.csv + national_indicators.csv","","ElectIndex publishes only Democratic chamber-control probability in chambers.csv; Republican control is stored as the binary complement. Published projected Democratic seats: House=231; Senate=51.","national","US","United States"
"2.1.0","2026-08-16T13:09:47+00:00","2026-08-16T13:09:47+00:00","ElectIndex","ElectIndex 2026 U.S. Election Forecast","electindex-2026-08-15-676b8bfecc5c4a3f","2026-08-15","","published","2026-11-03","US Senate Party Probability","D","48.8","percent","","","","probability of controlling the U.S. Senate","national","https://github.com/ElectIndex/26_us_forecast_data/tree/main/output","https://electindex.com/forecasts/","chambers.csv + national_indicators.csv","","ElectIndex publishes only Democratic chamber-control probability in chambers.csv; Republican control is stored as the binary complement. Published projected Democratic seats: House=231; Senate=51.","national","US","United States"
"2.1.0","2026-08-16T13:09:47+00:00","2026-08-16T13:09:47+00:00","ElectIndex","ElectIndex 2026 U.S. Election Forecast","electindex-2026-08-15-676b8bfecc5c4a3f","2026-08-15","","published","2026-11-03","US Senate Party Probability","R","51.2","percent","","","","probability of controlling the U.S. Senate","national","https://github.com/ElectIndex/26_us_forecast_data/tree/main/output","https://electindex.com/forecasts/","chambers.csv + national_indicators.csv","","ElectIndex publishes only Democratic chamber-control probability in chambers.csv; Republican control is stored as the binary complement. Published projected Democratic seats: House=231; Senate=51.","national","US","United States"
"2.1.0","2026-08-16T13:09:47+00:00","2026-08-16T13:09:47+00:00","ElectIndex","ElectIndex 2026 U.S. Election Forecast","electindex-2026-08-15-676b8bfecc5c4a3f","2026-08-15","","published","2026-11-03","US Senate Party Probability","Other","0","percent","","","","probability of controlling the U.S. Senate","national","https://github.com/ElectIndex/26_us_forecast_data/tree/main/output","https://electindex.com/forecasts/","chambers.csv + national_indicators.csv","","ElectIndex publishes only Democratic chamber-control probability in chambers.csv; Republican control is stored as the binary complement. Published projected Democratic seats: House=231; Senate=51.","national","US","United States"
"2.1.0","2026-08-16T13:09:47+00:00","2026-08-16T13:09:47+00:00","ElectIndex","ElectIndex 2026 U.S. Election Forecast","electindex-2026-08-15-676b8bfecc5c4a3f","2026-08-15","","published","2026-11-03","US House Popular Vote Projection","D","53.636676","percent","","","","all-party projected national House vote counts","national","https://github.com/ElectIndex/26_us_forecast_data/tree/main/output","https://electindex.com/forecasts/","chambers.csv + national_indicators.csv","","ElectIndex publishes only Democratic chamber-control probability in chambers.csv; Republican control is stored as the binary complement. Published projected Democratic seats: House=231; Senate=51.","national","US","United States"
"2.1.0","2026-08-16T13:09:47+00:00","2026-08-16T13:09:47+00:00","ElectIndex","ElectIndex 2026 U.S. Election Forecast","electindex-2026-08-15-676b8bfecc5c4a3f","2026-08-15","","published","2026-11-03","US House Popular Vote Projection","R","46.175859","percent","","","","all-party projected national House vote counts","national","https://github.com/ElectIndex/26_us_forecast_data/tree/main/output","https://electindex.com/forecasts/","chambers.csv + national_indicators.csv","","ElectIndex publishes only Democratic chamber-control probability in chambers.csv; Republican control is stored as the binary complement. Published projected Democratic seats: House=231; Senate=51.","national","US","United States"
"2.1.0","2026-08-16T13:09:47+00:00","2026-08-16T13:09:47+00:00","ElectIndex","ElectIndex 2026 U.S. Election Forecast","electindex-2026-08-15-676b8bfecc5c4a3f","2026-08-15","","published","2026-11-03","US House Popular Vote Projection","Other","0.187465","percent","","","","all-party projected national House vote counts","national","https://github.com/ElectIndex/26_us_forecast_data/tree/main/output","https://electindex.com/forecasts/","chambers.csv + national_indicators.csv","","ElectIndex publishes only Democratic chamber-control probability in chambers.csv; Republican control is stored as the binary complement. Published projected Democratic seats: House=231; Senate=51.","national","US","United States"
"2.1.0","2026-08-16T13:09:47+00:00","2026-08-16T13:09:47+00:00","ElectIndex","ElectIndex 2026 U.S. Election Forecast","electindex-2026-08-15-676b8bfecc5c4a3f","2026-08-15","","published","2026-11-03","US House Popular Vote Margin","D-R","7.47","percentage_points","","","","all-party projected national House vote counts","national","https://github.com/ElectIndex/26_us_forecast_data/tree/main/output","https://electindex.com/forecasts/","chambers.csv + national_indicators.csv","","ElectIndex publishes only Democratic chamber-control probability in chambers.csv; Republican control is stored as the binary complement. Published projected Democratic seats: House=231; Senate=51.","national","US","United States"
"2.1.0","2026-08-16T13:09:47+00:00","2026-08-16T13:09:47+00:00","Election StatSheet","Mac Tan 2026 Bayesian Congressional Forecast","ess-2026-08-16-4566f5516e6244a7","2026-08-16","","published","2026-11-03","US House Seats by Party","D","224.6479","seats","","200","257","posterior mean expected seats","national","https://github.com/thisismactan/US-2026/tree/main/output","https://www.electionstatsheet.com/house","house_forecast_timeline.csv + senate_forecast_timeline.csv","","Control 'Other' is residual probability not assigned to a D or R majority/control outcome.","national","US","United States"
"2.1.0","2026-08-16T13:09:47+00:00","2026-08-16T13:09:47+00:00","Election StatSheet","Mac Tan 2026 Bayesian Congressional Forecast","ess-2026-08-16-4566f5516e6244a7","2026-08-16","","published","2026-11-03","US House Seats by Party","R","210.3521","seats","","","","posterior mean expected seats","national","https://github.com/thisismactan/US-2026/tree/main/output","https://www.electionstatsheet.com/house","house_forecast_timeline.csv + senate_forecast_timeline.csv","","Control 'Other' is residual probability not assigned to a D or R majority/control outcome.","national","US","United States"
"2.1.0","2026-08-16T13:09:47+00:00","2026-08-16T13:09:47+00:00","Election StatSheet","Mac Tan 2026 Bayesian Congressional Forecast","ess-2026-08-16-4566f5516e6244a7","2026-08-16","","published","2026-11-03","US House Seats by Party","Other","0","seats","","","","posterior mean expected seats","national","https://github.com/thisismactan/US-2026/tree/main/output","https://www.electionstatsheet.com/house","house_forecast_timeline.csv + senate_forecast_timeline.csv","","Control 'Other' is residual probability not assigned to a D or R majority/control outcome.","national","US","United States"
"2.1.0","2026-08-16T13:09:47+00:00","2026-08-16T13:09:47+00:00","Election StatSheet","Mac Tan 2026 Bayesian Congressional Forecast","ess-2026-08-16-4566f5516e6244a7","2026-08-16","","published","2026-11-03","US House Party Probability","D","61.43","percent","","","","probability of controlling the U.S. House","national","https://github.com/thisismactan/US-2026/tree/main/output","https://www.electionstatsheet.com/house","house_forecast_timeline.csv + senate_forecast_timeline.csv","","Control 'Other' is residual probability not assigned to a D or R majority/control outcome.","national","US","United States"
"2.1.0","2026-08-16T13:09:47+00:00","2026-08-16T13:09:47+00:00","Election StatSheet","Mac Tan 2026 Bayesian Congressional Forecast","ess-2026-08-16-4566f5516e6244a7","2026-08-16","","published","2026-11-03","US House Party Probability","R","38.57","percent","","","","probability of controlling the U.S. House","national","https://github.com/thisismactan/US-2026/tree/main/output","https://www.electionstatsheet.com/house","house_forecast_timeline.csv + senate_forecast_timeline.csv","","Control 'Other' is residual probability not assigned to a D or R majority/control outcome.","national","US","United States"
"2.1.0","2026-08-16T13:09:47+00:00","2026-08-16T13:09:47+00:00","Election StatSheet","Mac Tan 2026 Bayesian Congressional Forecast","ess-2026-08-16-4566f5516e6244a7","2026-08-16","","published","2026-11-03","US House Party Probability","Other","0","percent","","","","probability of controlling the U.S. House","national","https://github.com/thisismactan/US-2026/tree/main/output","https://www.electionstatsheet.com/house","house_forecast_timeline.csv + senate_forecast_timeline.csv","","Control 'Other' is residual probability not assigned to a D or R majority/control outcome.","national","US","United States"
"2.1.0","2026-08-16T13:09:47+00:00","2026-08-16T13:09:47+00:00","Election StatSheet","Mac Tan 2026 Bayesian Congressional Forecast","ess-2026-08-16-4566f5516e6244a7","2026-08-16","","published","2026-11-03","US Senate Seats by Party","D","48.9317","seats","","44","53","posterior mean seats; independents separate where modeled","national","https://github.com/thisismactan/US-2026/tree/main/output","https://www.electionstatsheet.com/senate","house_forecast_timeline.csv + senate_forecast_timeline.csv","","Control 'Other' is residual probability not assigned to a D or R majority/control outcome.","national","US","United States"
"2.1.0","2026-08-16T13:09:47+00:00","2026-08-16T13:09:47+00:00","Election StatSheet","Mac Tan 2026 Bayesian Congressional Forecast","ess-2026-08-16-4566f5516e6244a7","2026-08-16","","published","2026-11-03","US Senate Seats by Party","R","50.9463","seats","","","","posterior mean seats; independents separate where modeled","national","https://github.com/thisismactan/US-2026/tree/main/output","https://www.electionstatsheet.com/senate","house_forecast_timeline.csv + senate_forecast_timeline.csv","","Control 'Other' is residual probability not assigned to a D or R majority/control outcome.","national","US","United States"
"2.1.0","2026-08-16T13:09:47+00:00","2026-08-16T13:09:47+00:00","Election StatSheet","Mac Tan 2026 Bayesian Congressional Forecast","ess-2026-08-16-4566f5516e6244a7","2026-08-16","","published","2026-11-03","US Senate Seats by Party","Other","0.122","seats","","","","posterior mean seats; independents separate where modeled","national","https://github.com/thisismactan/US-2026/tree/main/output","https://www.electionstatsheet.com/senate","house_forecast_timeline.csv + senate_forecast_timeline.csv","","Control 'Other' is residual probability not assigned to a D or R majority/control outcome.","national","US","United States"
"2.1.0","2026-08-16T13:09:47+00:00","2026-08-16T13:09:47+00:00","Election StatSheet","Mac Tan 2026 Bayesian Congressional Forecast","ess-2026-08-16-4566f5516e6244a7","2026-08-16","","published","2026-11-03","US Senate Party Probability","D","29.47","percent","","","","probability of controlling the U.S. Senate","national","https://github.com/thisismactan/US-2026/tree/main/output","https://www.electionstatsheet.com/senate","house_forecast_timeline.csv + senate_forecast_timeline.csv","","Control 'Other' is residual probability not assigned to a D or R majority/control outcome.","national","US","United States"
"2.1.0","2026-08-16T13:09:47+00:00","2026-08-16T13:09:47+00:00","Election StatSheet","Mac Tan 2026 Bayesian Congressional Forecast","ess-2026-08-16-4566f5516e6244a7","2026-08-16","","published","2026-11-03","US Senate Party Probability","R","68.88","percent","","","","probability of controlling the U.S. Senate","national","https://github.com/thisismactan/US-2026/tree/main/output","https://www.electionstatsheet.com/senate","house_forecast_timeline.csv + senate_forecast_timeline.csv","","Control 'Other' is residual probability not assigned to a D or R majority/control outcome.","national","US","United States"
"2.1.0","2026-08-16T13:09:47+00:00","2026-08-16T13:09:47+00:00","Election StatSheet","Mac Tan 2026 Bayesian Congressional Forecast","ess-2026-08-16-4566f5516e6244a7","2026-08-16","","published","2026-11-03","US Senate Party Probability","Other","1.65","percent","","","","probability of controlling the U.S. Senate","national","https://github.com/thisismactan/US-2026/tree/main/output","https://www.electionstatsheet.com/senate","house_forecast_timeline.csv + senate_forecast_timeline.csv","","Control 'Other' is residual probability not assigned to a D or R majority/control outcome.","national","US","United States"
"2.1.0","2026-08-16T13:09:47+00:00","2026-08-16T13:09:47+00:00","Election StatSheet","Mac Tan 2026 Bayesian Congressional Forecast","ess-2026-08-16-4566f5516e6244a7","2026-08-16","","published","2026-11-03","US House Popular Vote Projection","D","53.865144","percent","","48.854404","58.894622","two-party House popular vote posterior mean","national","https://github.com/thisismactan/US-2026/tree/main/output","https://www.electionstatsheet.com/house","house_forecast_timeline.csv + senate_forecast_timeline.csv","","Control 'Other' is residual probability not assigned to a D or R majority/control outcome.","national","US","United States"
"2.1.0","2026-08-16T13:09:47+00:00","2026-08-16T13:09:47+00:00","Election StatSheet","Mac Tan 2026 Bayesian Congressional Forecast","ess-2026-08-16-4566f5516e6244a7","2026-08-16","","published","2026-11-03","US House Popular Vote Projection","R","46.134856","percent","","","","two-party House popular vote posterior mean","national","https://github.com/thisismactan/US-2026/tree/main/output","https://www.electionstatsheet.com/house","house_forecast_timeline.csv + senate_forecast_timeline.csv","","Control 'Other' is residual probability not assigned to a D or R majority/control outcome.","national","US","United States"
"2.1.0","2026-08-16T13:09:47+00:00","2026-08-16T13:09:47+00:00","Election StatSheet","Mac Tan 2026 Bayesian Congressional Forecast","ess-2026-08-16-4566f5516e6244a7","2026-08-16","","published","2026-11-03","US House Popular Vote Projection","Other","0","percent","","","","two-party House popular vote posterior mean","national","https://github.com/thisismactan/US-2026/tree/main/output","https://www.electionstatsheet.com/house","house_forecast_timeline.csv + senate_forecast_timeline.csv","","Control 'Other' is residual probability not assigned to a D or R majority/control outcome.","national","US","United States"
"2.1.0","2026-08-16T13:09:47+00:00","2026-08-16T13:09:47+00:00","Election StatSheet","Mac Tan 2026 Bayesian Congressional Forecast","ess-2026-08-16-4566f5516e6244a7","2026-08-16","","published","2026-11-03","US House Popular Vote Margin","D-R","7.730288","percentage_points","","","","two-party House popular vote posterior mean","national","https://github.com/thisismactan/US-2026/tree/main/output","https://www.electionstatsheet.com/house","house_forecast_timeline.csv + senate_forecast_timeline.csv","","Control 'Other' is residual probability not assigned to a D or R majority/control outcome.","national","US","United States"
"2.1.0","2026-08-16T13:09:47+00:00","2026-08-16T13:09:47+00:00","Grant Williams","2026 Midterms Forecast v5.0.0","forecast-20260816T024032Z-07ab6bea6bb2","2026-08-16","2026-08-16T02:40:32.201849+00:00","degraded","2026-11-03","US House Seats by Party","D","250.9","seats","246","207","314","posterior mean expected seats","national","https://grantbw4.github.io/2026-midterms-forecast/","https://grantbw4.github.io/2026-midterms-forecast/","forecast.json + senate_forecast.json","degraded","fred_consumer_sentiment is degraded; fred_real_disposable_income is degraded","national","US","United States"
"2.1.0","2026-08-16T13:09:47+00:00","2026-08-16T13:09:47+00:00","Grant Williams","2026 Midterms Forecast v5.0.0","forecast-20260816T024032Z-07ab6bea6bb2","2026-08-16","2026-08-16T02:40:32.201849+00:00","degraded","2026-11-03","US House Seats by Party","R","184.1","seats","189","","","posterior mean expected seats","national","https://grantbw4.github.io/2026-midterms-forecast/","https://grantbw4.github.io/2026-midterms-forecast/","forecast.json + senate_forecast.json","degraded","fred_consumer_sentiment is degraded; fred_real_disposable_income is degraded","national","US","United States"
"2.1.0","2026-08-16T13:09:47+00:00","2026-08-16T13:09:47+00:00","Grant Williams","2026 Midterms Forecast v5.0.0","forecast-20260816T024032Z-07ab6bea6bb2","2026-08-16","2026-08-16T02:40:32.201849+00:00","degraded","2026-11-03","US House Seats by Party","Other","0","seats","0","","","posterior mean expected seats","national","https://grantbw4.github.io/2026-midterms-forecast/","https://grantbw4.github.io/2026-midterms-forecast/","forecast.json + senate_forecast.json","degraded","fred_consumer_sentiment is degraded; fred_real_disposable_income is degraded","national","US","United States"
"2.1.0","2026-08-16T13:09:47+00:00","2026-08-16T13:09:47+00:00","Grant Williams","2026 Midterms Forecast v5.0.0","forecast-20260816T024032Z-07ab6bea6bb2","2026-08-16","2026-08-16T02:40:32.201849+00:00","degraded","2026-11-03","US House Party Probability","D","86.83","percent","","","","probability of controlling the U.S. House","national","https://grantbw4.github.io/2026-midterms-forecast/","https://grantbw4.github.io/2026-midterms-forecast/","forecast.json + senate_forecast.json","degraded","fred_consumer_sentiment is degraded; fred_real_disposable_income is degraded","national","US","United States"
"2.1.0","2026-08-16T13:09:47+00:00","2026-08-16T13:09:47+00:00","Grant Williams","2026 Midterms Forecast v5.0.0","forecast-20260816T024032Z-07ab6bea6bb2","2026-08-16","2026-08-16T02:40:32.201849+00:00","degraded","2026-11-03","US House Party Probability","R","13.17","percent","","","","probability of controlling the U.S. House","national","https://grantbw4.github.io/2026-midterms-forecast/","https://grantbw4.github.io/2026-midterms-forecast/","forecast.json + senate_forecast.json","degraded","fred_consumer_sentiment is degraded; fred_real_disposable_income is degraded","national","US","United States"
"2.1.0","2026-08-16T13:09:47+00:00","2026-08-16T13:09:47+00:00","Grant Williams","2026 Midterms Forecast v5.0.0","forecast-20260816T024032Z-07ab6bea6bb2","2026-08-16","2026-08-16T02:40:32.201849+00:00","degraded","2026-11-03","US House Party Probability","Other","0","percent","","","","probability of controlling the U.S. House","national","https://grantbw4.github.io/2026-midterms-forecast/","https://grantbw4.github.io/2026-midterms-forecast/","forecast.json + senate_forecast.json","degraded","fred_consumer_sentiment is degraded; fred_real_disposable_income is degraded","national","US","United States"
"2.1.0","2026-08-16T13:09:47+00:00","2026-08-16T13:09:47+00:00","Grant Williams","2026 Midterms Forecast v5.0.0","forecast-20260816T024032Z-07ab6bea6bb2","2026-08-16","2026-08-16T02:40:32.201849+00:00","degraded","2026-11-03","US Senate Seats by Party","D","51.3","seats","51","47","56","posterior mean caucus seats; aligned independents are included in the Democratic caucus","national","https://grantbw4.github.io/2026-midterms-forecast/","https://grantbw4.github.io/2026-midterms-forecast/","forecast.json + senate_forecast.json","degraded","fred_consumer_sentiment is degraded; fred_real_disposable_income is degraded","national","US","United States"
"2.1.0","2026-08-16T13:09:47+00:00","2026-08-16T13:09:47+00:00","Grant Williams","2026 Midterms Forecast v5.0.0","forecast-20260816T024032Z-07ab6bea6bb2","2026-08-16","2026-08-16T02:40:32.201849+00:00","degraded","2026-11-03","US Senate Seats by Party","R","48.7","seats","49","","","posterior mean caucus seats; aligned independents are included in the Democratic caucus","national","https://grantbw4.github.io/2026-midterms-forecast/","https://grantbw4.github.io/2026-midterms-forecast/","forecast.json + senate_forecast.json","degraded","fred_consumer_sentiment is degraded; fred_real_disposable_income is degraded","national","US","United States"
"2.1.0","2026-08-16T13:09:47+00:00","2026-08-16T13:09:47+00:00","Grant Williams","2026 Midterms Forecast v5.0.0","forecast-20260816T024032Z-07ab6bea6bb2","2026-08-16","2026-08-16T02:40:32.201849+00:00","degraded","2026-11-03","US Senate Seats by Party","Other","0","seats","0","","","posterior mean caucus seats; aligned independents are included in the Democratic caucus","national","https://grantbw4.github.io/2026-midterms-forecast/","https://grantbw4.github.io/2026-midterms-forecast/","forecast.json + senate_forecast.json","degraded","fred_consumer_sentiment is degraded; fred_real_disposable_income is degraded","national","US","United States"
"2.1.0","2026-08-16T13:09:47+00:00","2026-08-16T13:09:47+00:00","Grant Williams","2026 Midterms Forecast v5.0.0","forecast-20260816T024032Z-07ab6bea6bb2","2026-08-16","2026-08-16T02:40:32.201849+00:00","degraded","2026-11-03","US Senate Party Probability","D","59.97","percent","","","","probability of controlling the U.S. Senate","national","https://grantbw4.github.io/2026-midterms-forecast/","https://grantbw4.github.io/2026-midterms-forecast/","forecast.json + senate_forecast.json","degraded","fred_consumer_sentiment is degraded; fred_real_disposable_income is degraded","national","US","United States"
"2.1.0","2026-08-16T13:09:47+00:00","2026-08-16T13:09:47+00:00","Grant Williams","2026 Midterms Forecast v5.0.0","forecast-20260816T024032Z-07ab6bea6bb2","2026-08-16","2026-08-16T02:40:32.201849+00:00","degraded","2026-11-03","US Senate Party Probability","R","40.03","percent","","","","probability of controlling the U.S. Senate","national","https://grantbw4.github.io/2026-midterms-forecast/","https://grantbw4.github.io/2026-midterms-forecast/","forecast.json + senate_forecast.json","degraded","fred_consumer_sentiment is degraded; fred_real_disposable_income is degraded","national","US","United States"
"2.1.0","2026-08-16T13:09:47+00:00","2026-08-16T13:09:47+00:00","Grant Williams","2026 Midterms Forecast v5.0.0","forecast-20260816T024032Z-07ab6bea6bb2","2026-08-16","2026-08-16T02:40:32.201849+00:00","degraded","2026-11-03","US Senate Party Probability","Other","0","percent","","","","probability of controlling the U.S. Senate","national","https://grantbw4.github.io/2026-midterms-forecast/","https://grantbw4.github.io/2026-midterms-forecast/","forecast.json + senate_forecast.json","degraded","fred_consumer_sentiment is degraded; fred_real_disposable_income is degraded","national","US","United States"
"2.1.0","2026-08-16T13:09:47+00:00","2026-08-16T13:09:47+00:00","Grant Williams","2026 Midterms Forecast v5.0.0","forecast-20260816T024032Z-07ab6bea6bb2","2026-08-16","2026-08-16T02:40:32.201849+00:00","degraded","2026-11-03","US House Popular Vote Projection","D","52.8615","percent","","51.0625","54.649","Democratic two-party election-day House popular-vote margin","national","https://grantbw4.github.io/2026-midterms-forecast/","https://grantbw4.github.io/2026-midterms-forecast/","forecast.json + senate_forecast.json","degraded","fred_consumer_sentiment is degraded; fred_real_disposable_income is degraded","national","US","United States"
"2.1.0","2026-08-16T13:09:47+00:00","2026-08-16T13:09:47+00:00","Grant Williams","2026 Midterms Forecast v5.0.0","forecast-20260816T024032Z-07ab6bea6bb2","2026-08-16","2026-08-16T02:40:32.201849+00:00","degraded","2026-11-03","US House Popular Vote Projection","R","47.1385","percent","","","","Democratic two-party election-day House popular-vote margin","national","https://grantbw4.github.io/2026-midterms-forecast/","https://grantbw4.github.io/2026-midterms-forecast/","forecast.json + senate_forecast.json","degraded","fred_consumer_sentiment is degraded; fred_real_disposable_income is degraded","national","US","United States"
"2.1.0","2026-08-16T13:09:47+00:00","2026-08-16T13:09:47+00:00","Grant Williams","2026 Midterms Forecast v5.0.0","forecast-20260816T024032Z-07ab6bea6bb2","2026-08-16","2026-08-16T02:40:32.201849+00:00","degraded","2026-11-03","US House Popular Vote Projection","Other","0","percent","","","","Democratic two-party election-day House popular-vote margin","national","https://grantbw4.github.io/2026-midterms-forecast/","https://grantbw4.github.io/2026-midterms-forecast/","forecast.json + senate_forecast.json","degraded","fred_consumer_sentiment is degraded; fred_real_disposable_income is degraded","national","US","United States"
"2.1.0","2026-08-16T13:09:47+00:00","2026-08-16T13:09:47+00:00","Grant Williams","2026 Midterms Forecast v5.0.0","forecast-20260816T024032Z-07ab6bea6bb2","2026-08-16","2026-08-16T02:40:32.201849+00:00","degraded","2026-11-03","US House Popular Vote Margin","D-R","5.723","percentage_points","","","","Democratic two-party election-day House popular-vote margin","national","https://grantbw4.github.io/2026-midterms-forecast/","https://grantbw4.github.io/2026-midterms-forecast/","forecast.json + senate_forecast.json","degraded","fred_consumer_sentiment is degraded; fred_real_disposable_income is degraded","national","US","United States"
"2.1.0","2026-08-17T14:00:19+00:00","2026-08-17T14:00:19+00:00","ElectIndex","ElectIndex 2026 U.S. Election Forecast","electindex-2026-08-16-424d4b96bd95eadc","2026-08-16","","published","2026-11-03","US House Seats by Party","D","238.7","seats","","","","published mean expected seats (avg_dem_seats / avg_gop_seats)","national","https://github.com/ElectIndex/26_us_forecast_data/tree/main/output","https://electindex.com/forecasts/","chambers.csv + national_indicators.csv","","ElectIndex publishes only Democratic chamber-control probability in chambers.csv; Republican control is stored as the binary complement. Published projected Democratic seats: House=231; Senate=51.","national","US","United States"
"2.1.0","2026-08-17T14:00:19+00:00","2026-08-17T14:00:19+00:00","ElectIndex","ElectIndex 2026 U.S. Election Forecast","electindex-2026-08-16-424d4b96bd95eadc","2026-08-16","","published","2026-11-03","US House Seats by Party","R","196.3","seats","","","","published mean expected seats (avg_dem_seats / avg_gop_seats)","national","https://github.com/ElectIndex/26_us_forecast_data/tree/main/output","https://electindex.com/forecasts/","chambers.csv + national_indicators.csv","","ElectIndex publishes only Democratic chamber-control probability in chambers.csv; Republican control is stored as the binary complement. Published projected Democratic seats: House=231; Senate=51.","national","US","United States"
"2.1.0","2026-08-17T14:00:19+00:00","2026-08-17T14:00:19+00:00","ElectIndex","ElectIndex 2026 U.S. Election Forecast","electindex-2026-08-16-424d4b96bd95eadc","2026-08-16","","published","2026-11-03","US House Seats by Party","Other","0","seats","","","","published mean expected seats (avg_dem_seats / avg_gop_seats)","national","https://github.com/ElectIndex/26_us_forecast_data/tree/main/output","https://electindex.com/forecasts/","chambers.csv + national_indicators.csv","","ElectIndex publishes only Democratic chamber-control probability in chambers.csv; Republican control is stored as the binary complement. Published projected Democratic seats: House=231; Senate=51.","national","US","United States"
"2.1.0","2026-08-17T14:00:19+00:00","2026-08-17T14:00:19+00:00","ElectIndex","ElectIndex 2026 U.S. Election Forecast","electindex-2026-08-16-424d4b96bd95eadc","2026-08-16","","published","2026-11-03","US House Party Probability","D","71.9","percent","","","","probability of controlling the U.S. House","national","https://github.com/ElectIndex/26_us_forecast_data/tree/main/output","https://electindex.com/forecasts/","chambers.csv + national_indicators.csv","","ElectIndex publishes only Democratic chamber-control probability in chambers.csv; Republican control is stored as the binary complement. Published projected Democratic seats: House=231; Senate=51.","national","US","United States"
"2.1.0","2026-08-17T14:00:19+00:00","2026-08-17T14:00:19+00:00","ElectIndex","ElectIndex 2026 U.S. Election Forecast","electindex-2026-08-16-424d4b96bd95eadc","2026-08-16","","published","2026-11-03","US House Party Probability","R","28.1","percent","","","","probability of controlling the U.S. House","national","https://github.com/ElectIndex/26_us_forecast_data/tree/main/output","https://electindex.com/forecasts/","chambers.csv + national_indicators.csv","","ElectIndex publishes only Democratic chamber-control probability in chambers.csv; Republican control is stored as the binary complement. Published projected Democratic seats: House=231; Senate=51.","national","US","United States"
"2.1.0","2026-08-17T14:00:19+00:00","2026-08-17T14:00:19+00:00","ElectIndex","ElectIndex 2026 U.S. Election Forecast","electindex-2026-08-16-424d4b96bd95eadc","2026-08-16","","published","2026-11-03","US House Party Probability","Other","0","percent","","","","probability of controlling the U.S. House","national","https://github.com/ElectIndex/26_us_forecast_data/tree/main/output","https://electindex.com/forecasts/","chambers.csv + national_indicators.csv","","ElectIndex publishes only Democratic chamber-control probability in chambers.csv; Republican control is stored as the binary complement. Published projected Democratic seats: House=231; Senate=51.","national","US","United States"
"2.1.0","2026-08-17T14:00:19+00:00","2026-08-17T14:00:19+00:00","ElectIndex","ElectIndex 2026 U.S. Election Forecast","electindex-2026-08-16-424d4b96bd95eadc","2026-08-16","","published","2026-11-03","US Senate Seats by Party","D","50.3","seats","","","","published mean expected seats (avg_dem_seats / avg_gop_seats)","national","https://github.com/ElectIndex/26_us_forecast_data/tree/main/output","https://electindex.com/forecasts/","chambers.csv + national_indicators.csv","","ElectIndex publishes only Democratic chamber-control probability in chambers.csv; Republican control is stored as the binary complement. Published projected Democratic seats: House=231; Senate=51.","national","US","United States"
"2.1.0","2026-08-17T14:00:19+00:00","2026-08-17T14:00:19+00:00","ElectIndex","ElectIndex 2026 U.S. Election Forecast","electindex-2026-08-16-424d4b96bd95eadc","2026-08-16","","published","2026-11-03","US Senate Seats by Party","R","49.7","seats","","","","published mean expected seats (avg_dem_seats / avg_gop_seats)","national","https://github.com/ElectIndex/26_us_forecast_data/tree/main/output","https://electindex.com/forecasts/","chambers.csv + national_indicators.csv","","ElectIndex publishes only Democratic chamber-control probability in chambers.csv; Republican control is stored as the binary complement. Published projected Democratic seats: House=231; Senate=51.","national","US","United States"
"2.1.0","2026-08-17T14:00:19+00:00","2026-08-17T14:00:19+00:00","ElectIndex","ElectIndex 2026 U.S. Election Forecast","electindex-2026-08-16-424d4b96bd95eadc","2026-08-16","","published","2026-11-03","US Senate Seats by Party","Other","0","seats","","","","published mean expected seats (avg_dem_seats / avg_gop_seats)","national","https://github.com/ElectIndex/26_us_forecast_data/tree/main/output","https://electindex.com/forecasts/","chambers.csv + national_indicators.csv","","ElectIndex publishes only Democratic chamber-control probability in chambers.csv; Republican control is stored as the binary complement. Published projected Democratic seats: House=231; Senate=51.","national","US","United States"
"2.1.0","2026-08-17T14:00:19+00:00","2026-08-17T14:00:19+00:00","ElectIndex","ElectIndex 2026 U.S. Election Forecast","electindex-2026-08-16-424d4b96bd95eadc","2026-08-16","","published","2026-11-03","US Senate Party Probability","D","48.2","percent","","","","probability of controlling the U.S. Senate","national","https://github.com/ElectIndex/26_us_forecast_data/tree/main/output","https://electindex.com/forecasts/","chambers.csv + national_indicators.csv","","ElectIndex publishes only Democratic chamber-control probability in chambers.csv; Republican control is stored as the binary complement. Published projected Democratic seats: House=231; Senate=51.","national","US","United States"
"2.1.0","2026-08-17T14:00:19+00:00","2026-08-17T14:00:19+00:00","ElectIndex","ElectIndex 2026 U.S. Election Forecast","electindex-2026-08-16-424d4b96bd95eadc","2026-08-16","","published","2026-11-03","US Senate Party Probability","R","51.8","percent","","","","probability of controlling the U.S. Senate","national","https://github.com/ElectIndex/26_us_forecast_data/tree/main/output","https://electindex.com/forecasts/","chambers.csv + national_indicators.csv","","ElectIndex publishes only Democratic chamber-control probability in chambers.csv; Republican control is stored as the binary complement. Published projected Democratic seats: House=231; Senate=51.","national","US","United States"
"2.1.0","2026-08-17T14:00:19+00:00","2026-08-17T14:00:19+00:00","ElectIndex","ElectIndex 2026 U.S. Election Forecast","electindex-2026-08-16-424d4b96bd95eadc","2026-08-16","","published","2026-11-03","US Senate Party Probability","Other","0","percent","","","","probability of controlling the U.S. Senate","national","https://github.com/ElectIndex/26_us_forecast_data/tree/main/output","https://electindex.com/forecasts/","chambers.csv + national_indicators.csv","","ElectIndex publishes only Democratic chamber-control probability in chambers.csv; Republican control is stored as the binary complement. Published projected Democratic seats: House=231; Senate=51.","national","US","United States"
"2.1.0","2026-08-17T14:00:19+00:00","2026-08-17T14:00:19+00:00","ElectIndex","ElectIndex 2026 U.S. Election Forecast","electindex-2026-08-16-424d4b96bd95eadc","2026-08-16","","published","2026-11-03","US House Popular Vote Projection","D","53.642928","percent","","","","all-party projected national House vote counts","national","https://github.com/ElectIndex/26_us_forecast_data/tree/main/output","https://electindex.com/forecasts/","chambers.csv + national_indicators.csv","","ElectIndex publishes only Democratic chamber-control probability in chambers.csv; Republican control is stored as the binary complement. Published projected Democratic seats: House=231; Senate=51.","national","US","United States"
"2.1.0","2026-08-17T14:00:19+00:00","2026-08-17T14:00:19+00:00","ElectIndex","ElectIndex 2026 U.S. Election Forecast","electindex-2026-08-16-424d4b96bd95eadc","2026-08-16","","published","2026-11-03","US House Popular Vote Projection","R","46.169521","percent","","","","all-party projected national House vote counts","national","https://github.com/ElectIndex/26_us_forecast_data/tree/main/output","https://electindex.com/forecasts/","chambers.csv + national_indicators.csv","","ElectIndex publishes only Democratic chamber-control probability in chambers.csv; Republican control is stored as the binary complement. Published projected Democratic seats: House=231; Senate=51.","national","US","United States"
"2.1.0","2026-08-17T14:00:19+00:00","2026-08-17T14:00:19+00:00","ElectIndex","ElectIndex 2026 U.S. Election Forecast","electindex-2026-08-16-424d4b96bd95eadc","2026-08-16","","published","2026-11-03","US House Popular Vote Projection","Other","0.187551","percent","","","","all-party projected national House vote counts","national","https://github.com/ElectIndex/26_us_forecast_data/tree/main/output","https://electindex.com/forecasts/","chambers.csv + national_indicators.csv","","ElectIndex publishes only Democratic chamber-control probability in chambers.csv; Republican control is stored as the binary complement. Published projected Democratic seats: House=231; Senate=51.","national","US","United States"
"2.1.0","2026-08-17T14:00:19+00:00","2026-08-17T14:00:19+00:00","ElectIndex","ElectIndex 2026 U.S. Election Forecast","electindex-2026-08-16-424d4b96bd95eadc","2026-08-16","","published","2026-11-03","US House Popular Vote Margin","D-R","7.49","percentage_points","","","","all-party projected national House vote counts","national","https://github.com/ElectIndex/26_us_forecast_data/tree/main/output","https://electindex.com/forecasts/","chambers.csv + national_indicators.csv","","ElectIndex publishes only Democratic chamber-control probability in chambers.csv; Republican control is stored as the binary complement. Published projected Democratic seats: House=231; Senate=51.","national","US","United States"
"2.1.0","2026-08-17T14:00:19+00:00","2026-08-17T14:00:19+00:00","Election StatSheet","Mac Tan 2026 Bayesian Congressional Forecast","ess-2026-08-17-427cc22e2cd04a30","2026-08-17","","published","2026-11-03","US House Seats by Party","D","223.8482","seats","","199","256","posterior mean expected seats","national","https://github.com/thisismactan/US-2026/tree/main/output","https://www.electionstatsheet.com/house","house_forecast_timeline.csv + senate_forecast_timeline.csv","","Control 'Other' is residual probability not assigned to a D or R majority/control outcome.","national","US","United States"
"2.1.0","2026-08-17T14:00:19+00:00","2026-08-17T14:00:19+00:00","Election StatSheet","Mac Tan 2026 Bayesian Congressional Forecast","ess-2026-08-17-427cc22e2cd04a30","2026-08-17","","published","2026-11-03","US House Seats by Party","R","211.1518","seats","","","","posterior mean expected seats","national","https://github.com/thisismactan/US-2026/tree/main/output","https://www.electionstatsheet.com/house","house_forecast_timeline.csv + senate_forecast_timeline.csv","","Control 'Other' is residual probability not assigned to a D or R majority/control outcome.","national","US","United States"
"2.1.0","2026-08-17T14:00:19+00:00","2026-08-17T14:00:19+00:00","Election StatSheet","Mac Tan 2026 Bayesian Congressional Forecast","ess-2026-08-17-427cc22e2cd04a30","2026-08-17","","published","2026-11-03","US House Seats by Party","Other","0","seats","","","","posterior mean expected seats","national","https://github.com/thisismactan/US-2026/tree/main/output","https://www.electionstatsheet.com/house","house_forecast_timeline.csv + senate_forecast_timeline.csv","","Control 'Other' is residual probability not assigned to a D or R majority/control outcome.","national","US","United States"
"2.1.0","2026-08-17T14:00:19+00:00","2026-08-17T14:00:19+00:00","Election StatSheet","Mac Tan 2026 Bayesian Congressional Forecast","ess-2026-08-17-427cc22e2cd04a30","2026-08-17","","published","2026-11-03","US House Party Probability","D","60.25","percent","","","","probability of controlling the U.S. House","national","https://github.com/thisismactan/US-2026/tree/main/output","https://www.electionstatsheet.com/house","house_forecast_timeline.csv + senate_forecast_timeline.csv","","Control 'Other' is residual probability not assigned to a D or R majority/control outcome.","national","US","United States"
"2.1.0","2026-08-17T14:00:19+00:00","2026-08-17T14:00:19+00:00","Election StatSheet","Mac Tan 2026 Bayesian Congressional Forecast","ess-2026-08-17-427cc22e2cd04a30","2026-08-17","","published","2026-11-03","US House Party Probability","R","39.75","percent","","","","probability of controlling the U.S. House","national","https://github.com/thisismactan/US-2026/tree/main/output","https://www.electionstatsheet.com/house","house_forecast_timeline.csv + senate_forecast_timeline.csv","","Control 'Other' is residual probability not assigned to a D or R majority/control outcome.","national","US","United States"
"2.1.0","2026-08-17T14:00:19+00:00","2026-08-17T14:00:19+00:00","Election StatSheet","Mac Tan 2026 Bayesian Congressional Forecast","ess-2026-08-17-427cc22e2cd04a30","2026-08-17","","published","2026-11-03","US House Party Probability","Other","0","percent","","","","probability of controlling the U.S. House","national","https://github.com/thisismactan/US-2026/tree/main/output","https://www.electionstatsheet.com/house","house_forecast_timeline.csv + senate_forecast_timeline.csv","","Control 'Other' is residual probability not assigned to a D or R majority/control outcome.","national","US","United States"
"2.1.0","2026-08-17T14:00:19+00:00","2026-08-17T14:00:19+00:00","Election StatSheet","Mac Tan 2026 Bayesian Congressional Forecast","ess-2026-08-17-427cc22e2cd04a30","2026-08-17","","published","2026-11-03","US Senate Seats by Party","D","48.8128","seats","","44","53","posterior mean seats; independents separate where modeled","national","https://github.com/thisismactan/US-2026/tree/main/output","https://www.electionstatsheet.com/senate","house_forecast_timeline.csv + senate_forecast_timeline.csv","","Control 'Other' is residual probability not assigned to a D or R majority/control outcome.","national","US","United States"
"2.1.0","2026-08-17T14:00:19+00:00","2026-08-17T14:00:19+00:00","Election StatSheet","Mac Tan 2026 Bayesian Congressional Forecast","ess-2026-08-17-427cc22e2cd04a30","2026-08-17","","published","2026-11-03","US Senate Seats by Party","R","51.0774","seats","","","","posterior mean seats; independents separate where modeled","national","https://github.com/thisismactan/US-2026/tree/main/output","https://www.electionstatsheet.com/senate","house_forecast_timeline.csv + senate_forecast_timeline.csv","","Control 'Other' is residual probability not assigned to a D or R majority/control outcome.","national","US","United States"
"2.1.0","2026-08-17T14:00:19+00:00","2026-08-17T14:00:19+00:00","Election StatSheet","Mac Tan 2026 Bayesian Congressional Forecast","ess-2026-08-17-427cc22e2cd04a30","2026-08-17","","published","2026-11-03","US Senate Seats by Party","Other","0.1098","seats","","","","posterior mean seats; independents separate where modeled","national","https://github.com/thisismactan/US-2026/tree/main/output","https://www.electionstatsheet.com/senate","house_forecast_timeline.csv + senate_forecast_timeline.csv","","Control 'Other' is residual probability not assigned to a D or R majority/control outcome.","national","US","United States"
"2.1.0","2026-08-17T14:00:19+00:00","2026-08-17T14:00:19+00:00","Election StatSheet","Mac Tan 2026 Bayesian Congressional Forecast","ess-2026-08-17-427cc22e2cd04a30","2026-08-17","","published","2026-11-03","US Senate Party Probability","D","28.1","percent","","","","probability of controlling the U.S. Senate","national","https://github.com/thisismactan/US-2026/tree/main/output","https://www.electionstatsheet.com/senate","house_forecast_timeline.csv + senate_forecast_timeline.csv","","Control 'Other' is residual probability not assigned to a D or R majority/control outcome.","national","US","United States"
"2.1.0","2026-08-17T14:00:19+00:00","2026-08-17T14:00:19+00:00","Election StatSheet","Mac Tan 2026 Bayesian Congressional Forecast","ess-2026-08-17-427cc22e2cd04a30","2026-08-17","","published","2026-11-03","US Senate Party Probability","R","70.2","percent","","","","probability of controlling the U.S. Senate","national","https://github.com/thisismactan/US-2026/tree/main/output","https://www.electionstatsheet.com/senate","house_forecast_timeline.csv + senate_forecast_timeline.csv","","Control 'Other' is residual probability not assigned to a D or R majority/control outcome.","national","US","United States"
"2.1.0","2026-08-17T14:00:19+00:00","2026-08-17T14:00:19+00:00","Election StatSheet","Mac Tan 2026 Bayesian Congressional Forecast","ess-2026-08-17-427cc22e2cd04a30","2026-08-17","","published","2026-11-03","US Senate Party Probability","Other","1.7","percent","","","","probability of controlling the U.S. Senate","national","https://github.com/thisismactan/US-2026/tree/main/output","https://www.electionstatsheet.com/senate","house_forecast_timeline.csv + senate_forecast_timeline.csv","","Control 'Other' is residual probability not assigned to a D or R majority/control outcome.","national","US","United States"
"2.1.0","2026-08-17T14:00:19+00:00","2026-08-17T14:00:19+00:00","Election StatSheet","Mac Tan 2026 Bayesian Congressional Forecast","ess-2026-08-17-427cc22e2cd04a30","2026-08-17","","published","2026-11-03","US House Popular Vote Projection","D","53.72632","percent","","48.757296","58.702016","two-party House popular vote posterior mean","national","https://github.com/thisismactan/US-2026/tree/main/output","https://www.electionstatsheet.com/house","house_forecast_timeline.csv + senate_forecast_timeline.csv","","Control 'Other' is residual probability not assigned to a D or R majority/control outcome.","national","US","United States"
"2.1.0","2026-08-17T14:00:19+00:00","2026-08-17T14:00:19+00:00","Election StatSheet","Mac Tan 2026 Bayesian Congressional Forecast","ess-2026-08-17-427cc22e2cd04a30","2026-08-17","","published","2026-11-03","US House Popular Vote Projection","R","46.27368","percent","","","","two-party House popular vote posterior mean","national","https://github.com/thisismactan/US-2026/tree/main/output","https://www.electionstatsheet.com/house","house_forecast_timeline.csv + senate_forecast_timeline.csv","","Control 'Other' is residual probability not assigned to a D or R majority/control outcome.","national","US","United States"
"2.1.0","2026-08-17T14:00:19+00:00","2026-08-17T14:00:19+00:00","Election StatSheet","Mac Tan 2026 Bayesian Congressional Forecast","ess-2026-08-17-427cc22e2cd04a30","2026-08-17","","published","2026-11-03","US House Popular Vote Projection","Other","0","percent","","","","two-party House popular vote posterior mean","national","https://github.com/thisismactan/US-2026/tree/main/output","https://www.electionstatsheet.com/house","house_forecast_timeline.csv + senate_forecast_timeline.csv","","Control 'Other' is residual probability not assigned to a D or R majority/control outcome.","national","US","United States"
"2.1.0","2026-08-17T14:00:19+00:00","2026-08-17T14:00:19+00:00","Election StatSheet","Mac Tan 2026 Bayesian Congressional Forecast","ess-2026-08-17-427cc22e2cd04a30","2026-08-17","","published","2026-11-03","US House Popular Vote Margin","D-R","7.45264","percentage_points","","","","two-party House popular vote posterior mean","national","https://github.com/thisismactan/US-2026/tree/main/output","https://www.electionstatsheet.com/house","house_forecast_timeline.csv + senate_forecast_timeline.csv","","Control 'Other' is residual probability not assigned to a D or R majority/control outcome.","national","US","United States"
"2.1.0","2026-08-17T14:00:19+00:00","2026-08-17T14:00:19+00:00","Grant Williams","2026 Midterms Forecast v5.0.0","forecast-20260817T024009Z-277b459e5b59","2026-08-17","2026-08-17T02:40:09.207671+00:00","degraded","2026-11-03","US House Seats by Party","D","250.83","seats","246","206","314","posterior mean expected seats","national","https://grantbw4.github.io/2026-midterms-forecast/","https://grantbw4.github.io/2026-midterms-forecast/","forecast.json + senate_forecast.json","degraded","fred_consumer_sentiment is degraded; fred_real_disposable_income is degraded","national","US","United States"
"2.1.0","2026-08-17T14:00:19+00:00","2026-08-17T14:00:19+00:00","Grant Williams","2026 Midterms Forecast v5.0.0","forecast-20260817T024009Z-277b459e5b59","2026-08-17","2026-08-17T02:40:09.207671+00:00","degraded","2026-11-03","US House Seats by Party","R","184.17","seats","189","","","posterior mean expected seats","national","https://grantbw4.github.io/2026-midterms-forecast/","https://grantbw4.github.io/2026-midterms-forecast/","forecast.json + senate_forecast.json","degraded","fred_consumer_sentiment is degraded; fred_real_disposable_income is degraded","national","US","United States"
"2.1.0","2026-08-17T14:00:19+00:00","2026-08-17T14:00:19+00:00","Grant Williams","2026 Midterms Forecast v5.0.0","forecast-20260817T024009Z-277b459e5b59","2026-08-17","2026-08-17T02:40:09.207671+00:00","degraded","2026-11-03","US House Seats by Party","Other","0","seats","0","","","posterior mean expected seats","national","https://grantbw4.github.io/2026-midterms-forecast/","https://grantbw4.github.io/2026-midterms-forecast/","forecast.json + senate_forecast.json","degraded","fred_consumer_sentiment is degraded; fred_real_disposable_income is degraded","national","US","United States"
"2.1.0","2026-08-17T14:00:19+00:00","2026-08-17T14:00:19+00:00","Grant Williams","2026 Midterms Forecast v5.0.0","forecast-20260817T024009Z-277b459e5b59","2026-08-17","2026-08-17T02:40:09.207671+00:00","degraded","2026-11-03","US House Party Probability","D","86.82","percent","","","","probability of controlling the U.S. House","national","https://grantbw4.github.io/2026-midterms-forecast/","https://grantbw4.github.io/2026-midterms-forecast/","forecast.json + senate_forecast.json","degraded","fred_consumer_sentiment is degraded; fred_real_disposable_income is degraded","national","US","United States"
"2.1.0","2026-08-17T14:00:19+00:00","2026-08-17T14:00:19+00:00","Grant Williams","2026 Midterms Forecast v5.0.0","forecast-20260817T024009Z-277b459e5b59","2026-08-17","2026-08-17T02:40:09.207671+00:00","degraded","2026-11-03","US House Party Probability","R","13.18","percent","","","","probability of controlling the U.S. House","national","https://grantbw4.github.io/2026-midterms-forecast/","https://grantbw4.github.io/2026-midterms-forecast/","forecast.json + senate_forecast.json","degraded","fred_consumer_sentiment is degraded; fred_real_disposable_income is degraded","national","US","United States"
"2.1.0","2026-08-17T14:00:19+00:00","2026-08-17T14:00:19+00:00","Grant Williams","2026 Midterms Forecast v5.0.0","forecast-20260817T024009Z-277b459e5b59","2026-08-17","2026-08-17T02:40:09.207671+00:00","degraded","2026-11-03","US House Party Probability","Other","0","percent","","","","probability of controlling the U.S. House","national","https://grantbw4.github.io/2026-midterms-forecast/","https://grantbw4.github.io/2026-midterms-forecast/","forecast.json + senate_forecast.json","degraded","fred_consumer_sentiment is degraded; fred_real_disposable_income is degraded","national","US","United States"
"2.1.0","2026-08-17T14:00:19+00:00","2026-08-17T14:00:19+00:00","Grant Williams","2026 Midterms Forecast v5.0.0","forecast-20260817T024009Z-277b459e5b59","2026-08-17","2026-08-17T02:40:09.207671+00:00","degraded","2026-11-03","US Senate Seats by Party","D","51.3","seats","51","47","56","posterior mean caucus seats; aligned independents are included in the Democratic caucus","national","https://grantbw4.github.io/2026-midterms-forecast/","https://grantbw4.github.io/2026-midterms-forecast/","forecast.json + senate_forecast.json","degraded","fred_consumer_sentiment is degraded; fred_real_disposable_income is degraded","national","US","United States"
"2.1.0","2026-08-17T14:00:19+00:00","2026-08-17T14:00:19+00:00","Grant Williams","2026 Midterms Forecast v5.0.0","forecast-20260817T024009Z-277b459e5b59","2026-08-17","2026-08-17T02:40:09.207671+00:00","degraded","2026-11-03","US Senate Seats by Party","R","48.7","seats","49","","","posterior mean caucus seats; aligned independents are included in the Democratic caucus","national","https://grantbw4.github.io/2026-midterms-forecast/","https://grantbw4.github.io/2026-midterms-forecast/","forecast.json + senate_forecast.json","degraded","fred_consumer_sentiment is degraded; fred_real_disposable_income is degraded","national","US","United States"
"2.1.0","2026-08-17T14:00:19+00:00","2026-08-17T14:00:19+00:00","Grant Williams","2026 Midterms Forecast v5.0.0","forecast-20260817T024009Z-277b459e5b59","2026-08-17","2026-08-17T02:40:09.207671+00:00","degraded","2026-11-03","US Senate Seats by Party","Other","0","seats","0","","","posterior mean caucus seats; aligned independents are included in the Democratic caucus","national","https://grantbw4.github.io/2026-midterms-forecast/","https://grantbw4.github.io/2026-midterms-forecast/","forecast.json + senate_forecast.json","degraded","fred_consumer_sentiment is degraded; fred_real_disposable_income is degraded","national","US","United States"
"2.1.0","2026-08-17T14:00:19+00:00","2026-08-17T14:00:19+00:00","Grant Williams","2026 Midterms Forecast v5.0.0","forecast-20260817T024009Z-277b459e5b59","2026-08-17","2026-08-17T02:40:09.207671+00:00","degraded","2026-11-03","US Senate Party Probability","D","59.97","percent","","","","probability of controlling the U.S. Senate","national","https://grantbw4.github.io/2026-midterms-forecast/","https://grantbw4.github.io/2026-midterms-forecast/","forecast.json + senate_forecast.json","degraded","fred_consumer_sentiment is degraded; fred_real_disposable_income is degraded","national","US","United States"
"2.1.0","2026-08-17T14:00:19+00:00","2026-08-17T14:00:19+00:00","Grant Williams","2026 Midterms Forecast v5.0.0","forecast-20260817T024009Z-277b459e5b59","2026-08-17","2026-08-17T02:40:09.207671+00:00","degraded","2026-11-03","US Senate Party Probability","R","40.03","percent","","","","probability of controlling the U.S. Senate","national","https://grantbw4.github.io/2026-midterms-forecast/","https://grantbw4.github.io/2026-midterms-forecast/","forecast.json + senate_forecast.json","degraded","fred_consumer_sentiment is degraded; fred_real_disposable_income is degraded","national","US","United States"
"2.1.0","2026-08-17T14:00:19+00:00","2026-08-17T14:00:19+00:00","Grant Williams","2026 Midterms Forecast v5.0.0","forecast-20260817T024009Z-277b459e5b59","2026-08-17","2026-08-17T02:40:09.207671+00:00","degraded","2026-11-03","US Senate Party Probability","Other","0","percent","","","","probability of controlling the U.S. Senate","national","https://grantbw4.github.io/2026-midterms-forecast/","https://grantbw4.github.io/2026-midterms-forecast/","forecast.json + senate_forecast.json","degraded","fred_consumer_sentiment is degraded; fred_real_disposable_income is degraded","national","US","United States"
"2.1.0","2026-08-17T14:00:19+00:00","2026-08-17T14:00:19+00:00","Grant Williams","2026 Midterms Forecast v5.0.0","forecast-20260817T024009Z-277b459e5b59","2026-08-17","2026-08-17T02:40:09.207671+00:00","degraded","2026-11-03","US House Popular Vote Projection","D","52.856","percent","","51.059","54.641","Democratic two-party election-day House popular-vote margin","national","https://grantbw4.github.io/2026-midterms-forecast/","https://grantbw4.github.io/2026-midterms-forecast/","forecast.json + senate_forecast.json","degraded","fred_consumer_sentiment is degraded; fred_real_disposable_income is degraded","national","US","United States"
"2.1.0","2026-08-17T14:00:19+00:00","2026-08-17T14:00:19+00:00","Grant Williams","2026 Midterms Forecast v5.0.0","forecast-20260817T024009Z-277b459e5b59","2026-08-17","2026-08-17T02:40:09.207671+00:00","degraded","2026-11-03","US House Popular Vote Projection","R","47.144","percent","","","","Democratic two-party election-day House popular-vote margin","national","https://grantbw4.github.io/2026-midterms-forecast/","https://grantbw4.github.io/2026-midterms-forecast/","forecast.json + senate_forecast.json","degraded","fred_consumer_sentiment is degraded; fred_real_disposable_income is degraded","national","US","United States"
"2.1.0","2026-08-17T14:00:19+00:00","2026-08-17T14:00:19+00:00","Grant Williams","2026 Midterms Forecast v5.0.0","forecast-20260817T024009Z-277b459e5b59","2026-08-17","2026-08-17T02:40:09.207671+00:00","degraded","2026-11-03","US House Popular Vote Projection","Other","0","percent","","","","Democratic two-party election-day House popular-vote margin","national","https://grantbw4.github.io/2026-midterms-forecast/","https://grantbw4.github.io/2026-midterms-forecast/","forecast.json + senate_forecast.json","degraded","fred_consumer_sentiment is degraded; fred_real_disposable_income is degraded","national","US","United States"
"2.1.0","2026-08-17T14:00:19+00:00","2026-08-17T14:00:19+00:00","Grant Williams","2026 Midterms Forecast v5.0.0","forecast-20260817T024009Z-277b459e5b59","2026-08-17","2026-08-17T02:40:09.207671+00:00","degraded","2026-11-03","US House Popular Vote Margin","D-R","5.712","percentage_points","","","","Democratic two-party election-day House popular-vote margin","national","https://grantbw4.github.io/2026-midterms-forecast/","https://grantbw4.github.io/2026-midterms-forecast/","forecast.json + senate_forecast.json","degraded","fred_consumer_sentiment is degraded; fred_real_disposable_income is degraded","national","US","United States"
"2.1.0","2026-08-18T13:37:36+00:00","2026-08-18T13:37:36+00:00","ElectIndex","ElectIndex 2026 U.S. Election Forecast","electindex-2026-08-17-73a66648c1fdb6b2","2026-08-17","","published","2026-11-03","US House Seats by Party","D","238.1","seats","","","","published mean expected seats (avg_dem_seats / avg_gop_seats)","national","https://github.com/ElectIndex/26_us_forecast_data/tree/main/output","https://electindex.com/forecasts/","chambers.csv + national_indicators.csv","","ElectIndex publishes only Democratic chamber-control probability in chambers.csv; Republican control is stored as the binary complement. Published projected Democratic seats: House=231; Senate=51.","national","US","United States"
"2.1.0","2026-08-18T13:37:36+00:00","2026-08-18T13:37:36+00:00","ElectIndex","ElectIndex 2026 U.S. Election Forecast","electindex-2026-08-17-73a66648c1fdb6b2","2026-08-17","","published","2026-11-03","US House Seats by Party","R","196.9","seats","","","","published mean expected seats (avg_dem_seats / avg_gop_seats)","national","https://github.com/ElectIndex/26_us_forecast_data/tree/main/output","https://electindex.com/forecasts/","chambers.csv + national_indicators.csv","","ElectIndex publishes only Democratic chamber-control probability in chambers.csv; Republican control is stored as the binary complement. Published projected Democratic seats: House=231; Senate=51.","national","US","United States"
"2.1.0","2026-08-18T13:37:36+00:00","2026-08-18T13:37:36+00:00","ElectIndex","ElectIndex 2026 U.S. Election Forecast","electindex-2026-08-17-73a66648c1fdb6b2","2026-08-17","","published","2026-11-03","US House Seats by Party","Other","0","seats","","","","published mean expected seats (avg_dem_seats / avg_gop_seats)","national","https://github.com/ElectIndex/26_us_forecast_data/tree/main/output","https://electindex.com/forecasts/","chambers.csv + national_indicators.csv","","ElectIndex publishes only Democratic chamber-control probability in chambers.csv; Republican control is stored as the binary complement. Published projected Democratic seats: House=231; Senate=51.","national","US","United States"
"2.1.0","2026-08-18T13:37:36+00:00","2026-08-18T13:37:36+00:00","ElectIndex","ElectIndex 2026 U.S. Election Forecast","electindex-2026-08-17-73a66648c1fdb6b2","2026-08-17","","published","2026-11-03","US House Party Probability","D","71.5","percent","","","","probability of controlling the U.S. House","national","https://github.com/ElectIndex/26_us_forecast_data/tree/main/output","https://electindex.com/forecasts/","chambers.csv + national_indicators.csv","","ElectIndex publishes only Democratic chamber-control probability in chambers.csv; Republican control is stored as the binary complement. Published projected Democratic seats: House=231; Senate=51.","national","US","United States"
"2.1.0","2026-08-18T13:37:36+00:00","2026-08-18T13:37:36+00:00","ElectIndex","ElectIndex 2026 U.S. Election Forecast","electindex-2026-08-17-73a66648c1fdb6b2","2026-08-17","","published","2026-11-03","US House Party Probability","R","28.5","percent","","","","probability of controlling the U.S. House","national","https://github.com/ElectIndex/26_us_forecast_data/tree/main/output","https://electindex.com/forecasts/","chambers.csv + national_indicators.csv","","ElectIndex publishes only Democratic chamber-control probability in chambers.csv; Republican control is stored as the binary complement. Published projected Democratic seats: House=231; Senate=51.","national","US","United States"
"2.1.0","2026-08-18T13:37:36+00:00","2026-08-18T13:37:36+00:00","ElectIndex","ElectIndex 2026 U.S. Election Forecast","electindex-2026-08-17-73a66648c1fdb6b2","2026-08-17","","published","2026-11-03","US House Party Probability","Other","0","percent","","","","probability of controlling the U.S. House","national","https://github.com/ElectIndex/26_us_forecast_data/tree/main/output","https://electindex.com/forecasts/","chambers.csv + national_indicators.csv","","ElectIndex publishes only Democratic chamber-control probability in chambers.csv; Republican control is stored as the binary complement. Published projected Democratic seats: House=231; Senate=51.","national","US","United States"
"2.1.0","2026-08-18T13:37:36+00:00","2026-08-18T13:37:36+00:00","ElectIndex","ElectIndex 2026 U.S. Election Forecast","electindex-2026-08-17-73a66648c1fdb6b2","2026-08-17","","published","2026-11-03","US Senate Seats by Party","D","50.2","seats","","","","published mean expected seats (avg_dem_seats / avg_gop_seats)","national","https://github.com/ElectIndex/26_us_forecast_data/tree/main/output","https://electindex.com/forecasts/","chambers.csv + national_indicators.csv","","ElectIndex publishes only Democratic chamber-control probability in chambers.csv; Republican control is stored as the binary complement. Published projected Democratic seats: House=231; Senate=51.","national","US","United States"
"2.1.0","2026-08-18T13:37:36+00:00","2026-08-18T13:37:36+00:00","ElectIndex","ElectIndex 2026 U.S. Election Forecast","electindex-2026-08-17-73a66648c1fdb6b2","2026-08-17","","published","2026-11-03","US Senate Seats by Party","R","49.8","seats","","","","published mean expected seats (avg_dem_seats / avg_gop_seats)","national","https://github.com/ElectIndex/26_us_forecast_data/tree/main/output","https://electindex.com/forecasts/","chambers.csv + national_indicators.csv","","ElectIndex publishes only Democratic chamber-control probability in chambers.csv; Republican control is stored as the binary complement. Published projected Democratic seats: House=231; Senate=51.","national","US","United States"
"2.1.0","2026-08-18T13:37:36+00:00","2026-08-18T13:37:36+00:00","ElectIndex","ElectIndex 2026 U.S. Election Forecast","electindex-2026-08-17-73a66648c1fdb6b2","2026-08-17","","published","2026-11-03","US Senate Seats by Party","Other","0","seats","","","","published mean expected seats (avg_dem_seats / avg_gop_seats)","national","https://github.com/ElectIndex/26_us_forecast_data/tree/main/output","https://electindex.com/forecasts/","chambers.csv + national_indicators.csv","","ElectIndex publishes only Democratic chamber-control probability in chambers.csv; Republican control is stored as the binary complement. Published projected Democratic seats: House=231; Senate=51.","national","US","United States"
"2.1.0","2026-08-18T13:37:36+00:00","2026-08-18T13:37:36+00:00","ElectIndex","ElectIndex 2026 U.S. Election Forecast","electindex-2026-08-17-73a66648c1fdb6b2","2026-08-17","","published","2026-11-03","US Senate Party Probability","D","47.6","percent","","","","probability of controlling the U.S. Senate","national","https://github.com/ElectIndex/26_us_forecast_data/tree/main/output","https://electindex.com/forecasts/","chambers.csv + national_indicators.csv","","ElectIndex publishes only Democratic chamber-control probability in chambers.csv; Republican control is stored as the binary complement. Published projected Democratic seats: House=231; Senate=51.","national","US","United States"
"2.1.0","2026-08-18T13:37:36+00:00","2026-08-18T13:37:36+00:00","ElectIndex","ElectIndex 2026 U.S. Election Forecast","electindex-2026-08-17-73a66648c1fdb6b2","2026-08-17","","published","2026-11-03","US Senate Party Probability","R","52.4","percent","","","","probability of controlling the U.S. Senate","national","https://github.com/ElectIndex/26_us_forecast_data/tree/main/output","https://electindex.com/forecasts/","chambers.csv + national_indicators.csv","","ElectIndex publishes only Democratic chamber-control probability in chambers.csv; Republican control is stored as the binary complement. Published projected Democratic seats: House=231; Senate=51.","national","US","United States"
"2.1.0","2026-08-18T13:37:36+00:00","2026-08-18T13:37:36+00:00","ElectIndex","ElectIndex 2026 U.S. Election Forecast","electindex-2026-08-17-73a66648c1fdb6b2","2026-08-17","","published","2026-11-03","US Senate Party Probability","Other","0","percent","","","","probability of controlling the U.S. Senate","national","https://github.com/ElectIndex/26_us_forecast_data/tree/main/output","https://electindex.com/forecasts/","chambers.csv + national_indicators.csv","","ElectIndex publishes only Democratic chamber-control probability in chambers.csv; Republican control is stored as the binary complement. Published projected Democratic seats: House=231; Senate=51.","national","US","United States"
"2.1.0","2026-08-18T13:37:36+00:00","2026-08-18T13:37:36+00:00","ElectIndex","ElectIndex 2026 U.S. Election Forecast","electindex-2026-08-17-73a66648c1fdb6b2","2026-08-17","","published","2026-11-03","US House Popular Vote Projection","D","53.648237","percent","","","","all-party projected national House vote counts","national","https://github.com/ElectIndex/26_us_forecast_data/tree/main/output","https://electindex.com/forecasts/","chambers.csv + national_indicators.csv","","ElectIndex publishes only Democratic chamber-control probability in chambers.csv; Republican control is stored as the binary complement. Published projected Democratic seats: House=231; Senate=51.","national","US","United States"
"2.1.0","2026-08-18T13:37:36+00:00","2026-08-18T13:37:36+00:00","ElectIndex","ElectIndex 2026 U.S. Election Forecast","electindex-2026-08-17-73a66648c1fdb6b2","2026-08-17","","published","2026-11-03","US House Popular Vote Projection","R","46.164281","percent","","","","all-party projected national House vote counts","national","https://github.com/ElectIndex/26_us_forecast_data/tree/main/output","https://electindex.com/forecasts/","chambers.csv + national_indicators.csv","","ElectIndex publishes only Democratic chamber-control probability in chambers.csv; Republican control is stored as the binary complement. Published projected Democratic seats: House=231; Senate=51.","national","US","United States"
"2.1.0","2026-08-18T13:37:36+00:00","2026-08-18T13:37:36+00:00","ElectIndex","ElectIndex 2026 U.S. Election Forecast","electindex-2026-08-17-73a66648c1fdb6b2","2026-08-17","","published","2026-11-03","US House Popular Vote Projection","Other","0.187482","percent","","","","all-party projected national House vote counts","national","https://github.com/ElectIndex/26_us_forecast_data/tree/main/output","https://electindex.com/forecasts/","chambers.csv + national_indicators.csv","","ElectIndex publishes only Democratic chamber-control probability in chambers.csv; Republican control is stored as the binary complement. Published projected Democratic seats: House=231; Senate=51.","national","US","United States"
"2.1.0","2026-08-18T13:37:36+00:00","2026-08-18T13:37:36+00:00","ElectIndex","ElectIndex 2026 U.S. Election Forecast","electindex-2026-08-17-73a66648c1fdb6b2","2026-08-17","","published","2026-11-03","US House Popular Vote Margin","D-R","7.5","percentage_points","","","","all-party projected national House vote counts","national","https://github.com/ElectIndex/26_us_forecast_data/tree/main/output","https://electindex.com/forecasts/","chambers.csv + national_indicators.csv","","ElectIndex publishes only Democratic chamber-control probability in chambers.csv; Republican control is stored as the binary complement. Published projected Democratic seats: House=231; Senate=51.","national","US","United States"
"2.1.0","2026-08-18T13:37:36+00:00","2026-08-18T13:37:36+00:00","Election StatSheet","Mac Tan 2026 Bayesian Congressional Forecast","ess-2026-08-18-b17cb7b6578107f4","2026-08-18","","published","2026-11-03","US House Seats by Party","D","223.3891","seats","","199","256","posterior mean expected seats","national","https://github.com/thisismactan/US-2026/tree/main/output","https://www.electionstatsheet.com/house","house_forecast_timeline.csv + senate_forecast_timeline.csv","","Control 'Other' is residual probability not assigned to a D or R majority/control outcome.","national","US","United States"
"2.1.0","2026-08-18T13:37:36+00:00","2026-08-18T13:37:36+00:00","Election StatSheet","Mac Tan 2026 Bayesian Congressional Forecast","ess-2026-08-18-b17cb7b6578107f4","2026-08-18","","published","2026-11-03","US House Seats by Party","R","211.6109","seats","","","","posterior mean expected seats","national","https://github.com/thisismactan/US-2026/tree/main/output","https://www.electionstatsheet.com/house","house_forecast_timeline.csv + senate_forecast_timeline.csv","","Control 'Other' is residual probability not assigned to a D or R majority/control outcome.","national","US","United States"
"2.1.0","2026-08-18T13:37:36+00:00","2026-08-18T13:37:36+00:00","Election StatSheet","Mac Tan 2026 Bayesian Congressional Forecast","ess-2026-08-18-b17cb7b6578107f4","2026-08-18","","published","2026-11-03","US House Seats by Party","Other","0","seats","","","","posterior mean expected seats","national","https://github.com/thisismactan/US-2026/tree/main/output","https://www.electionstatsheet.com/house","house_forecast_timeline.csv + senate_forecast_timeline.csv","","Control 'Other' is residual probability not assigned to a D or R majority/control outcome.","national","US","United States"
"2.1.0","2026-08-18T13:37:36+00:00","2026-08-18T13:37:36+00:00","Election StatSheet","Mac Tan 2026 Bayesian Congressional Forecast","ess-2026-08-18-b17cb7b6578107f4","2026-08-18","","published","2026-11-03","US House Party Probability","D","58.55","percent","","","","probability of controlling the U.S. House","national","https://github.com/thisismactan/US-2026/tree/main/output","https://www.electionstatsheet.com/house","house_forecast_timeline.csv + senate_forecast_timeline.csv","","Control 'Other' is residual probability not assigned to a D or R majority/control outcome.","national","US","United States"
"2.1.0","2026-08-18T13:37:36+00:00","2026-08-18T13:37:36+00:00","Election StatSheet","Mac Tan 2026 Bayesian Congressional Forecast","ess-2026-08-18-b17cb7b6578107f4","2026-08-18","","published","2026-11-03","US House Party Probability","R","41.45","percent","","","","probability of controlling the U.S. House","national","https://github.com/thisismactan/US-2026/tree/main/output","https://www.electionstatsheet.com/house","house_forecast_timeline.csv + senate_forecast_timeline.csv","","Control 'Other' is residual probability not assigned to a D or R majority/control outcome.","national","US","United States"
"2.1.0","2026-08-18T13:37:36+00:00","2026-08-18T13:37:36+00:00","Election StatSheet","Mac Tan 2026 Bayesian Congressional Forecast","ess-2026-08-18-b17cb7b6578107f4","2026-08-18","","published","2026-11-03","US House Party Probability","Other","0","percent","","","","probability of controlling the U.S. House","national","https://github.com/thisismactan/US-2026/tree/main/output","https://www.electionstatsheet.com/house","house_forecast_timeline.csv + senate_forecast_timeline.csv","","Control 'Other' is residual probability not assigned to a D or R majority/control outcome.","national","US","United States"
"2.1.0","2026-08-18T13:37:36+00:00","2026-08-18T13:37:36+00:00","Election StatSheet","Mac Tan 2026 Bayesian Congressional Forecast","ess-2026-08-18-b17cb7b6578107f4","2026-08-18","","published","2026-11-03","US Senate Seats by Party","D","48.8415","seats","","44","54","posterior mean seats; independents separate where modeled","national","https://github.com/thisismactan/US-2026/tree/main/output","https://www.electionstatsheet.com/senate","house_forecast_timeline.csv + senate_forecast_timeline.csv","","Control 'Other' is residual probability not assigned to a D or R majority/control outcome.","national","US","United States"
"2.1.0","2026-08-18T13:37:36+00:00","2026-08-18T13:37:36+00:00","Election StatSheet","Mac Tan 2026 Bayesian Congressional Forecast","ess-2026-08-18-b17cb7b6578107f4","2026-08-18","","published","2026-11-03","US Senate Seats by Party","R","51.0597","seats","","","","posterior mean seats; independents separate where modeled","national","https://github.com/thisismactan/US-2026/tree/main/output","https://www.electionstatsheet.com/senate","house_forecast_timeline.csv + senate_forecast_timeline.csv","","Control 'Other' is residual probability not assigned to a D or R majority/control outcome.","national","US","United States"
"2.1.0","2026-08-18T13:37:36+00:00","2026-08-18T13:37:36+00:00","Election StatSheet","Mac Tan 2026 Bayesian Congressional Forecast","ess-2026-08-18-b17cb7b6578107f4","2026-08-18","","published","2026-11-03","US Senate Seats by Party","Other","0.0988","seats","","","","posterior mean seats; independents separate where modeled","national","https://github.com/thisismactan/US-2026/tree/main/output","https://www.electionstatsheet.com/senate","house_forecast_timeline.csv + senate_forecast_timeline.csv","","Control 'Other' is residual probability not assigned to a D or R majority/control outcome.","national","US","United States"
"2.1.0","2026-08-18T13:37:36+00:00","2026-08-18T13:37:36+00:00","Election StatSheet","Mac Tan 2026 Bayesian Congressional Forecast","ess-2026-08-18-b17cb7b6578107f4","2026-08-18","","published","2026-11-03","US Senate Party Probability","D","29.22","percent","","","","probability of controlling the U.S. Senate","national","https://github.com/thisismactan/US-2026/tree/main/output","https://www.electionstatsheet.com/senate","house_forecast_timeline.csv + senate_forecast_timeline.csv","","Control 'Other' is residual probability not assigned to a D or R majority/control outcome.","national","US","United States"
"2.1.0","2026-08-18T13:37:36+00:00","2026-08-18T13:37:36+00:00","Election StatSheet","Mac Tan 2026 Bayesian Congressional Forecast","ess-2026-08-18-b17cb7b6578107f4","2026-08-18","","published","2026-11-03","US Senate Party Probability","R","69.56","percent","","","","probability of controlling the U.S. Senate","national","https://github.com/thisismactan/US-2026/tree/main/output","https://www.electionstatsheet.com/senate","house_forecast_timeline.csv + senate_forecast_timeline.csv","","Control 'Other' is residual probability not assigned to a D or R majority/control outcome.","national","US","United States"
"2.1.0","2026-08-18T13:37:36+00:00","2026-08-18T13:37:36+00:00","Election StatSheet","Mac Tan 2026 Bayesian Congressional Forecast","ess-2026-08-18-b17cb7b6578107f4","2026-08-18","","published","2026-11-03","US Senate Party Probability","Other","1.22","percent","","","","probability of controlling the U.S. Senate","national","https://github.com/thisismactan/US-2026/tree/main/output","https://www.electionstatsheet.com/senate","house_forecast_timeline.csv + senate_forecast_timeline.csv","","Control 'Other' is residual probability not assigned to a D or R majority/control outcome.","national","US","United States"
"2.1.0","2026-08-18T13:37:36+00:00","2026-08-18T13:37:36+00:00","Election StatSheet","Mac Tan 2026 Bayesian Congressional Forecast","ess-2026-08-18-b17cb7b6578107f4","2026-08-18","","published","2026-11-03","US House Popular Vote Projection","D","53.63055","percent","","48.685617","58.659112","two-party House popular vote posterior mean","national","https://github.com/thisismactan/US-2026/tree/main/output","https://www.electionstatsheet.com/house","house_forecast_timeline.csv + senate_forecast_timeline.csv","","Control 'Other' is residual probability not assigned to a D or R majority/control outcome.","national","US","United States"
"2.1.0","2026-08-18T13:37:36+00:00","2026-08-18T13:37:36+00:00","Election StatSheet","Mac Tan 2026 Bayesian Congressional Forecast","ess-2026-08-18-b17cb7b6578107f4","2026-08-18","","published","2026-11-03","US House Popular Vote Projection","R","46.36945","percent","","","","two-party House popular vote posterior mean","national","https://github.com/thisismactan/US-2026/tree/main/output","https://www.electionstatsheet.com/house","house_forecast_timeline.csv + senate_forecast_timeline.csv","","Control 'Other' is residual probability not assigned to a D or R majority/control outcome.","national","US","United States"
"2.1.0","2026-08-18T13:37:36+00:00","2026-08-18T13:37:36+00:00","Election StatSheet","Mac Tan 2026 Bayesian Congressional Forecast","ess-2026-08-18-b17cb7b6578107f4","2026-08-18","","published","2026-11-03","US House Popular Vote Projection","Other","0","percent","","","","two-party House popular vote posterior mean","national","https://github.com/thisismactan/US-2026/tree/main/output","https://www.electionstatsheet.com/house","house_forecast_timeline.csv + senate_forecast_timeline.csv","","Control 'Other' is residual probability not assigned to a D or R majority/control outcome.","national","US","United States"
"2.1.0","2026-08-18T13:37:36+00:00","2026-08-18T13:37:36+00:00","Election StatSheet","Mac Tan 2026 Bayesian Congressional Forecast","ess-2026-08-18-b17cb7b6578107f4","2026-08-18","","published","2026-11-03","US House Popular Vote Margin","D-R","7.2611","percentage_points","","","","two-party House popular vote posterior mean","national","https://github.com/thisismactan/US-2026/tree/main/output","https://www.electionstatsheet.com/house","house_forecast_timeline.csv + senate_forecast_timeline.csv","","Control 'Other' is residual probability not assigned to a D or R majority/control outcome.","national","US","United States"
"2.1.0","2026-08-18T13:37:36+00:00","2026-08-18T13:37:36+00:00","Grant Williams","2026 Midterms Forecast v5.0.0","forecast-20260818T023443Z-9c14f0f72c5b","2026-08-18","2026-08-18T02:34:43.115388+00:00","degraded","2026-11-03","US House Seats by Party","D","250.7","seats","245","206","314","posterior mean expected seats","national","https://grantbw4.github.io/2026-midterms-forecast/","https://grantbw4.github.io/2026-midterms-forecast/","forecast.json + senate_forecast.json","degraded","fred_consumer_sentiment is degraded; fred_real_disposable_income is degraded","national","US","United States"
"2.1.0","2026-08-18T13:37:36+00:00","2026-08-18T13:37:36+00:00","Grant Williams","2026 Midterms Forecast v5.0.0","forecast-20260818T023443Z-9c14f0f72c5b","2026-08-18","2026-08-18T02:34:43.115388+00:00","degraded","2026-11-03","US House Seats by Party","R","184.3","seats","190","","","posterior mean expected seats","national","https://grantbw4.github.io/2026-midterms-forecast/","https://grantbw4.github.io/2026-midterms-forecast/","forecast.json + senate_forecast.json","degraded","fred_consumer_sentiment is degraded; fred_real_disposable_income is degraded","national","US","United States"
"2.1.0","2026-08-18T13:37:36+00:00","2026-08-18T13:37:36+00:00","Grant Williams","2026 Midterms Forecast v5.0.0","forecast-20260818T023443Z-9c14f0f72c5b","2026-08-18","2026-08-18T02:34:43.115388+00:00","degraded","2026-11-03","US House Seats by Party","Other","0","seats","0","","","posterior mean expected seats","national","https://grantbw4.github.io/2026-midterms-forecast/","https://grantbw4.github.io/2026-midterms-forecast/","forecast.json + senate_forecast.json","degraded","fred_consumer_sentiment is degraded; fred_real_disposable_income is degraded","national","US","United States"
"2.1.0","2026-08-18T13:37:36+00:00","2026-08-18T13:37:36+00:00","Grant Williams","2026 Midterms Forecast v5.0.0","forecast-20260818T023443Z-9c14f0f72c5b","2026-08-18","2026-08-18T02:34:43.115388+00:00","degraded","2026-11-03","US House Party Probability","D","86.81","percent","","","","probability of controlling the U.S. House","national","https://grantbw4.github.io/2026-midterms-forecast/","https://grantbw4.github.io/2026-midterms-forecast/","forecast.json + senate_forecast.json","degraded","fred_consumer_sentiment is degraded; fred_real_disposable_income is degraded","national","US","United States"
"2.1.0","2026-08-18T13:37:36+00:00","2026-08-18T13:37:36+00:00","Grant Williams","2026 Midterms Forecast v5.0.0","forecast-20260818T023443Z-9c14f0f72c5b","2026-08-18","2026-08-18T02:34:43.115388+00:00","degraded","2026-11-03","US House Party Probability","R","13.19","percent","","","","probability of controlling the U.S. House","national","https://grantbw4.github.io/2026-midterms-forecast/","https://grantbw4.github.io/2026-midterms-forecast/","forecast.json + senate_forecast.json","degraded","fred_consumer_sentiment is degraded; fred_real_disposable_income is degraded","national","US","United States"
"2.1.0","2026-08-18T13:37:36+00:00","2026-08-18T13:37:36+00:00","Grant Williams","2026 Midterms Forecast v5.0.0","forecast-20260818T023443Z-9c14f0f72c5b","2026-08-18","2026-08-18T02:34:43.115388+00:00","degraded","2026-11-03","US House Party Probability","Other","0","percent","","","","probability of controlling the U.S. House","national","https://grantbw4.github.io/2026-midterms-forecast/","https://grantbw4.github.io/2026-midterms-forecast/","forecast.json + senate_forecast.json","degraded","fred_consumer_sentiment is degraded; fred_real_disposable_income is degraded","national","US","United States"
"2.1.0","2026-08-18T13:37:36+00:00","2026-08-18T13:37:36+00:00","Grant Williams","2026 Midterms Forecast v5.0.0","forecast-20260818T023443Z-9c14f0f72c5b","2026-08-18","2026-08-18T02:34:43.115388+00:00","degraded","2026-11-03","US Senate Seats by Party","D","51.23","seats","51","47","56","posterior mean caucus seats; aligned independents are included in the Democratic caucus","national","https://grantbw4.github.io/2026-midterms-forecast/","https://grantbw4.github.io/2026-midterms-forecast/","forecast.json + senate_forecast.json","degraded","fred_consumer_sentiment is degraded; fred_real_disposable_income is degraded","national","US","United States"
"2.1.0","2026-08-18T13:37:36+00:00","2026-08-18T13:37:36+00:00","Grant Williams","2026 Midterms Forecast v5.0.0","forecast-20260818T023443Z-9c14f0f72c5b","2026-08-18","2026-08-18T02:34:43.115388+00:00","degraded","2026-11-03","US Senate Seats by Party","R","48.77","seats","49","","","posterior mean caucus seats; aligned independents are included in the Democratic caucus","national","https://grantbw4.github.io/2026-midterms-forecast/","https://grantbw4.github.io/2026-midterms-forecast/","forecast.json + senate_forecast.json","degraded","fred_consumer_sentiment is degraded; fred_real_disposable_income is degraded","national","US","United States"
"2.1.0","2026-08-18T13:37:36+00:00","2026-08-18T13:37:36+00:00","Grant Williams","2026 Midterms Forecast v5.0.0","forecast-20260818T023443Z-9c14f0f72c5b","2026-08-18","2026-08-18T02:34:43.115388+00:00","degraded","2026-11-03","US Senate Seats by Party","Other","0","seats","0","","","posterior mean caucus seats; aligned independents are included in the Democratic caucus","national","https://grantbw4.github.io/2026-midterms-forecast/","https://grantbw4.github.io/2026-midterms-forecast/","forecast.json + senate_forecast.json","degraded","fred_consumer_sentiment is degraded; fred_real_disposable_income is degraded","national","US","United States"
"2.1.0","2026-08-18T13:37:36+00:00","2026-08-18T13:37:36+00:00","Grant Williams","2026 Midterms Forecast v5.0.0","forecast-20260818T023443Z-9c14f0f72c5b","2026-08-18","2026-08-18T02:34:43.115388+00:00","degraded","2026-11-03","US Senate Party Probability","D","58.98","percent","","","","probability of controlling the U.S. Senate","national","https://grantbw4.github.io/2026-midterms-forecast/","https://grantbw4.github.io/2026-midterms-forecast/","forecast.json + senate_forecast.json","degraded","fred_consumer_sentiment is degraded; fred_real_disposable_income is degraded","national","US","United States"
"2.1.0","2026-08-18T13:37:36+00:00","2026-08-18T13:37:36+00:00","Grant Williams","2026 Midterms Forecast v5.0.0","forecast-20260818T023443Z-9c14f0f72c5b","2026-08-18","2026-08-18T02:34:43.115388+00:00","degraded","2026-11-03","US Senate Party Probability","R","41.02","percent","","","","probability of controlling the U.S. Senate","national","https://grantbw4.github.io/2026-midterms-forecast/","https://grantbw4.github.io/2026-midterms-forecast/","forecast.json + senate_forecast.json","degraded","fred_consumer_sentiment is degraded; fred_real_disposable_income is degraded","national","US","United States"
"2.1.0","2026-08-18T13:37:36+00:00","2026-08-18T13:37:36+00:00","Grant Williams","2026 Midterms Forecast v5.0.0","forecast-20260818T023443Z-9c14f0f72c5b","2026-08-18","2026-08-18T02:34:43.115388+00:00","degraded","2026-11-03","US Senate Party Probability","Other","0","percent","","","","probability of controlling the U.S. Senate","national","https://grantbw4.github.io/2026-midterms-forecast/","https://grantbw4.github.io/2026-midterms-forecast/","forecast.json + senate_forecast.json","degraded","fred_consumer_sentiment is degraded; fred_real_disposable_income is degraded","national","US","United States"
"2.1.0","2026-08-18T13:37:36+00:00","2026-08-18T13:37:36+00:00","Grant Williams","2026 Midterms Forecast v5.0.0","forecast-20260818T023443Z-9c14f0f72c5b","2026-08-18","2026-08-18T02:34:43.115388+00:00","degraded","2026-11-03","US House Popular Vote Projection","D","52.8565","percent","","51.0595","54.642","Democratic two-party election-day House popular-vote margin","national","https://grantbw4.github.io/2026-midterms-forecast/","https://grantbw4.github.io/2026-midterms-forecast/","forecast.json + senate_forecast.json","degraded","fred_consumer_sentiment is degraded; fred_real_disposable_income is degraded","national","US","United States"
"2.1.0","2026-08-18T13:37:36+00:00","2026-08-18T13:37:36+00:00","Grant Williams","2026 Midterms Forecast v5.0.0","forecast-20260818T023443Z-9c14f0f72c5b","2026-08-18","2026-08-18T02:34:43.115388+00:00","degraded","2026-11-03","US House Popular Vote Projection","R","47.1435","percent","","","","Democratic two-party election-day House popular-vote margin","national","https://grantbw4.github.io/2026-midterms-forecast/","https://grantbw4.github.io/2026-midterms-forecast/","forecast.json + senate_forecast.json","degraded","fred_consumer_sentiment is degraded; fred_real_disposable_income is degraded","national","US","United States"
"2.1.0","2026-08-18T13:37:36+00:00","2026-08-18T13:37:36+00:00","Grant Williams","2026 Midterms Forecast v5.0.0","forecast-20260818T023443Z-9c14f0f72c5b","2026-08-18","2026-08-18T02:34:43.115388+00:00","degraded","2026-11-03","US House Popular Vote Projection","Other","0","percent","","","","Democratic two-party election-day House popular-vote margin","national","https://grantbw4.github.io/2026-midterms-forecast/","https://grantbw4.github.io/2026-midterms-forecast/","forecast.json + senate_forecast.json","degraded","fred_consumer_sentiment is degraded; fred_real_disposable_income is degraded","national","US","United States"
"2.1.0","2026-08-18T13:37:36+00:00","2026-08-18T13:37:36+00:00","Grant Williams","2026 Midterms Forecast v5.0.0","forecast-20260818T023443Z-9c14f0f72c5b","2026-08-18","2026-08-18T02:34:43.115388+00:00","degraded","2026-11-03","US House Popular Vote Margin","D-R","5.713","percentage_points","","","","Democratic two-party election-day House popular-vote margin","national","https://grantbw4.github.io/2026-midterms-forecast/","https://grantbw4.github.io/2026-midterms-forecast/","forecast.json + senate_forecast.json","degraded","fred_consumer_sentiment is degraded; fred_real_disposable_income is degraded","national","US","United States"
"2.1.0","2026-08-19T15:33:22+00:00","2026-08-19T15:33:22+00:00","ElectIndex","ElectIndex 2026 U.S. Election Forecast","electindex-2026-08-19-fab02710c6aa85f1","2026-08-19","","published","2026-11-03","US House Seats by Party","D","237.4","seats","","","","published mean expected seats (avg_dem_seats / avg_gop_seats)","national","https://github.com/ElectIndex/26_us_forecast_data/tree/main/output","https://electindex.com/forecasts/","chambers.csv + national_indicators.csv","","ElectIndex publishes only Democratic chamber-control probability in chambers.csv; Republican control is stored as the binary complement. Published projected Democratic seats: House=231; Senate=51.","national","US","United States"
"2.1.0","2026-08-19T15:33:22+00:00","2026-08-19T15:33:22+00:00","ElectIndex","ElectIndex 2026 U.S. Election Forecast","electindex-2026-08-19-fab02710c6aa85f1","2026-08-19","","published","2026-11-03","US House Seats by Party","R","197.6","seats","","","","published mean expected seats (avg_dem_seats / avg_gop_seats)","national","https://github.com/ElectIndex/26_us_forecast_data/tree/main/output","https://electindex.com/forecasts/","chambers.csv + national_indicators.csv","","ElectIndex publishes only Democratic chamber-control probability in chambers.csv; Republican control is stored as the binary complement. Published projected Democratic seats: House=231; Senate=51.","national","US","United States"
"2.1.0","2026-08-19T15:33:22+00:00","2026-08-19T15:33:22+00:00","ElectIndex","ElectIndex 2026 U.S. Election Forecast","electindex-2026-08-19-fab02710c6aa85f1","2026-08-19","","published","2026-11-03","US House Seats by Party","Other","0","seats","","","","published mean expected seats (avg_dem_seats / avg_gop_seats)","national","https://github.com/ElectIndex/26_us_forecast_data/tree/main/output","https://electindex.com/forecasts/","chambers.csv + national_indicators.csv","","ElectIndex publishes only Democratic chamber-control probability in chambers.csv; Republican control is stored as the binary complement. Published projected Democratic seats: House=231; Senate=51.","national","US","United States"
"2.1.0","2026-08-19T15:33:22+00:00","2026-08-19T15:33:22+00:00","ElectIndex","ElectIndex 2026 U.S. Election Forecast","electindex-2026-08-19-fab02710c6aa85f1","2026-08-19","","published","2026-11-03","US House Party Probability","D","70.7","percent","","","","probability of controlling the U.S. House","national","https://github.com/ElectIndex/26_us_forecast_data/tree/main/output","https://electindex.com/forecasts/","chambers.csv + national_indicators.csv","","ElectIndex publishes only Democratic chamber-control probability in chambers.csv; Republican control is stored as the binary complement. Published projected Democratic seats: House=231; Senate=51.","national","US","United States"
"2.1.0","2026-08-19T15:33:22+00:00","2026-08-19T15:33:22+00:00","ElectIndex","ElectIndex 2026 U.S. Election Forecast","electindex-2026-08-19-fab02710c6aa85f1","2026-08-19","","published","2026-11-03","US House Party Probability","R","29.3","percent","","","","probability of controlling the U.S. House","national","https://github.com/ElectIndex/26_us_forecast_data/tree/main/output","https://electindex.com/forecasts/","chambers.csv + national_indicators.csv","","ElectIndex publishes only Democratic chamber-control probability in chambers.csv; Republican control is stored as the binary complement. Published projected Democratic seats: House=231; Senate=51.","national","US","United States"
"2.1.0","2026-08-19T15:33:22+00:00","2026-08-19T15:33:22+00:00","ElectIndex","ElectIndex 2026 U.S. Election Forecast","electindex-2026-08-19-fab02710c6aa85f1","2026-08-19","","published","2026-11-03","US House Party Probability","Other","0","percent","","","","probability of controlling the U.S. House","national","https://github.com/ElectIndex/26_us_forecast_data/tree/main/output","https://electindex.com/forecasts/","chambers.csv + national_indicators.csv","","ElectIndex publishes only Democratic chamber-control probability in chambers.csv; Republican control is stored as the binary complement. Published projected Democratic seats: House=231; Senate=51.","national","US","United States"
"2.1.0","2026-08-19T15:33:22+00:00","2026-08-19T15:33:22+00:00","ElectIndex","ElectIndex 2026 U.S. Election Forecast","electindex-2026-08-19-fab02710c6aa85f1","2026-08-19","","published","2026-11-03","US Senate Seats by Party","D","50.3","seats","","","","published mean expected seats (avg_dem_seats / avg_gop_seats)","national","https://github.com/ElectIndex/26_us_forecast_data/tree/main/output","https://electindex.com/forecasts/","chambers.csv + national_indicators.csv","","ElectIndex publishes only Democratic chamber-control probability in chambers.csv; Republican control is stored as the binary complement. Published projected Democratic seats: House=231; Senate=51.","national","US","United States"
"2.1.0","2026-08-19T15:33:22+00:00","2026-08-19T15:33:22+00:00","ElectIndex","ElectIndex 2026 U.S. Election Forecast","electindex-2026-08-19-fab02710c6aa85f1","2026-08-19","","published","2026-11-03","US Senate Seats by Party","R","49.7","seats","","","","published mean expected seats (avg_dem_seats / avg_gop_seats)","national","https://github.com/ElectIndex/26_us_forecast_data/tree/main/output","https://electindex.com/forecasts/","chambers.csv + national_indicators.csv","","ElectIndex publishes only Democratic chamber-control probability in chambers.csv; Republican control is stored as the binary complement. Published projected Democratic seats: House=231; Senate=51.","national","US","United States"
"2.1.0","2026-08-19T15:33:22+00:00","2026-08-19T15:33:22+00:00","ElectIndex","ElectIndex 2026 U.S. Election Forecast","electindex-2026-08-19-fab02710c6aa85f1","2026-08-19","","published","2026-11-03","US Senate Seats by Party","Other","0","seats","","","","published mean expected seats (avg_dem_seats / avg_gop_seats)","national","https://github.com/ElectIndex/26_us_forecast_data/tree/main/output","https://electindex.com/forecasts/","chambers.csv + national_indicators.csv","","ElectIndex publishes only Democratic chamber-control probability in chambers.csv; Republican control is stored as the binary complement. Published projected Democratic seats: House=231; Senate=51.","national","US","United States"
"2.1.0","2026-08-19T15:33:22+00:00","2026-08-19T15:33:22+00:00","ElectIndex","ElectIndex 2026 U.S. Election Forecast","electindex-2026-08-19-fab02710c6aa85f1","2026-08-19","","published","2026-11-03","US Senate Party Probability","D","48","percent","","","","probability of controlling the U.S. Senate","national","https://github.com/ElectIndex/26_us_forecast_data/tree/main/output","https://electindex.com/forecasts/","chambers.csv + national_indicators.csv","","ElectIndex publishes only Democratic chamber-control probability in chambers.csv; Republican control is stored as the binary complement. Published projected Democratic seats: House=231; Senate=51.","national","US","United States"
"2.1.0","2026-08-19T15:33:22+00:00","2026-08-19T15:33:22+00:00","ElectIndex","ElectIndex 2026 U.S. Election Forecast","electindex-2026-08-19-fab02710c6aa85f1","2026-08-19","","published","2026-11-03","US Senate Party Probability","R","52","percent","","","","probability of controlling the U.S. Senate","national","https://github.com/ElectIndex/26_us_forecast_data/tree/main/output","https://electindex.com/forecasts/","chambers.csv + national_indicators.csv","","ElectIndex publishes only Democratic chamber-control probability in chambers.csv; Republican control is stored as the binary complement. Published projected Democratic seats: House=231; Senate=51.","national","US","United States"
"2.1.0","2026-08-19T15:33:22+00:00","2026-08-19T15:33:22+00:00","ElectIndex","ElectIndex 2026 U.S. Election Forecast","electindex-2026-08-19-fab02710c6aa85f1","2026-08-19","","published","2026-11-03","US Senate Party Probability","Other","0","percent","","","","probability of controlling the U.S. Senate","national","https://github.com/ElectIndex/26_us_forecast_data/tree/main/output","https://electindex.com/forecasts/","chambers.csv + national_indicators.csv","","ElectIndex publishes only Democratic chamber-control probability in chambers.csv; Republican control is stored as the binary complement. Published projected Democratic seats: House=231; Senate=51.","national","US","United States"
"2.1.0","2026-08-19T15:33:22+00:00","2026-08-19T15:33:22+00:00","ElectIndex","ElectIndex 2026 U.S. Election Forecast","electindex-2026-08-19-fab02710c6aa85f1","2026-08-19","","published","2026-11-03","US House Popular Vote Projection","D","53.653381","percent","","","","all-party projected national House vote counts","national","https://github.com/ElectIndex/26_us_forecast_data/tree/main/output","https://electindex.com/forecasts/","chambers.csv + national_indicators.csv","","ElectIndex publishes only Democratic chamber-control probability in chambers.csv; Republican control is stored as the binary complement. Published projected Democratic seats: House=231; Senate=51.","national","US","United States"
"2.1.0","2026-08-19T15:33:22+00:00","2026-08-19T15:33:22+00:00","ElectIndex","ElectIndex 2026 U.S. Election Forecast","electindex-2026-08-19-fab02710c6aa85f1","2026-08-19","","published","2026-11-03","US House Popular Vote Projection","R","46.16007","percent","","","","all-party projected national House vote counts","national","https://github.com/ElectIndex/26_us_forecast_data/tree/main/output","https://electindex.com/forecasts/","chambers.csv + national_indicators.csv","","ElectIndex publishes only Democratic chamber-control probability in chambers.csv; Republican control is stored as the binary complement. Published projected Democratic seats: House=231; Senate=51.","national","US","United States"
"2.1.0","2026-08-19T15:33:22+00:00","2026-08-19T15:33:22+00:00","ElectIndex","ElectIndex 2026 U.S. Election Forecast","electindex-2026-08-19-fab02710c6aa85f1","2026-08-19","","published","2026-11-03","US House Popular Vote Projection","Other","0.186549","percent","","","","all-party projected national House vote counts","national","https://github.com/ElectIndex/26_us_forecast_data/tree/main/output","https://electindex.com/forecasts/","chambers.csv + national_indicators.csv","","ElectIndex publishes only Democratic chamber-control probability in chambers.csv; Republican control is stored as the binary complement. Published projected Democratic seats: House=231; Senate=51.","national","US","United States"
"2.1.0","2026-08-19T15:33:22+00:00","2026-08-19T15:33:22+00:00","ElectIndex","ElectIndex 2026 U.S. Election Forecast","electindex-2026-08-19-fab02710c6aa85f1","2026-08-19","","published","2026-11-03","US House Popular Vote Margin","D-R","7.51","percentage_points","","","","all-party projected national House vote counts","national","https://github.com/ElectIndex/26_us_forecast_data/tree/main/output","https://electindex.com/forecasts/","chambers.csv + national_indicators.csv","","ElectIndex publishes only Democratic chamber-control probability in chambers.csv; Republican control is stored as the binary complement. Published projected Democratic seats: House=231; Senate=51.","national","US","United States"
"2.1.0","2026-08-19T15:33:22+00:00","2026-08-19T15:33:22+00:00","Election StatSheet","Mac Tan 2026 Bayesian Congressional Forecast","ess-2026-08-19-c6efb7fae184f91b","2026-08-19","","published","2026-11-03","US House Seats by Party","D","222.9691","seats","","199","255","posterior mean expected seats","national","https://github.com/thisismactan/US-2026/tree/main/output","https://www.electionstatsheet.com/house","house_forecast_timeline.csv + senate_forecast_timeline.csv","","Control 'Other' is residual probability not assigned to a D or R majority/control outcome.","national","US","United States"
"2.1.0","2026-08-19T15:33:22+00:00","2026-08-19T15:33:22+00:00","Election StatSheet","Mac Tan 2026 Bayesian Congressional Forecast","ess-2026-08-19-c6efb7fae184f91b","2026-08-19","","published","2026-11-03","US House Seats by Party","R","212.0309","seats","","","","posterior mean expected seats","national","https://github.com/thisismactan/US-2026/tree/main/output","https://www.electionstatsheet.com/house","house_forecast_timeline.csv + senate_forecast_timeline.csv","","Control 'Other' is residual probability not assigned to a D or R majority/control outcome.","national","US","United States"
"2.1.0","2026-08-19T15:33:22+00:00","2026-08-19T15:33:22+00:00","Election StatSheet","Mac Tan 2026 Bayesian Congressional Forecast","ess-2026-08-19-c6efb7fae184f91b","2026-08-19","","published","2026-11-03","US House Seats by Party","Other","0","seats","","","","posterior mean expected seats","national","https://github.com/thisismactan/US-2026/tree/main/output","https://www.electionstatsheet.com/house","house_forecast_timeline.csv + senate_forecast_timeline.csv","","Control 'Other' is residual probability not assigned to a D or R majority/control outcome.","national","US","United States"
"2.1.0","2026-08-19T15:33:22+00:00","2026-08-19T15:33:22+00:00","Election StatSheet","Mac Tan 2026 Bayesian Congressional Forecast","ess-2026-08-19-c6efb7fae184f91b","2026-08-19","","published","2026-11-03","US House Party Probability","D","58.1","percent","","","","probability of controlling the U.S. House","national","https://github.com/thisismactan/US-2026/tree/main/output","https://www.electionstatsheet.com/house","house_forecast_timeline.csv + senate_forecast_timeline.csv","","Control 'Other' is residual probability not assigned to a D or R majority/control outcome.","national","US","United States"
"2.1.0","2026-08-19T15:33:22+00:00","2026-08-19T15:33:22+00:00","Election StatSheet","Mac Tan 2026 Bayesian Congressional Forecast","ess-2026-08-19-c6efb7fae184f91b","2026-08-19","","published","2026-11-03","US House Party Probability","R","41.9","percent","","","","probability of controlling the U.S. House","national","https://github.com/thisismactan/US-2026/tree/main/output","https://www.electionstatsheet.com/house","house_forecast_timeline.csv + senate_forecast_timeline.csv","","Control 'Other' is residual probability not assigned to a D or R majority/control outcome.","national","US","United States"
"2.1.0","2026-08-19T15:33:22+00:00","2026-08-19T15:33:22+00:00","Election StatSheet","Mac Tan 2026 Bayesian Congressional Forecast","ess-2026-08-19-c6efb7fae184f91b","2026-08-19","","published","2026-11-03","US House Party Probability","Other","0","percent","","","","probability of controlling the U.S. House","national","https://github.com/thisismactan/US-2026/tree/main/output","https://www.electionstatsheet.com/house","house_forecast_timeline.csv + senate_forecast_timeline.csv","","Control 'Other' is residual probability not assigned to a D or R majority/control outcome.","national","US","United States"
"2.1.0","2026-08-19T15:33:22+00:00","2026-08-19T15:33:22+00:00","Election StatSheet","Mac Tan 2026 Bayesian Congressional Forecast","ess-2026-08-19-c6efb7fae184f91b","2026-08-19","","published","2026-11-03","US Senate Seats by Party","D","48.6289","seats","","44","53","posterior mean seats; independents separate where modeled","national","https://github.com/thisismactan/US-2026/tree/main/output","https://www.electionstatsheet.com/senate","house_forecast_timeline.csv + senate_forecast_timeline.csv","","Control 'Other' is residual probability not assigned to a D or R majority/control outcome.","national","US","United States"
"2.1.0","2026-08-19T15:33:22+00:00","2026-08-19T15:33:22+00:00","Election StatSheet","Mac Tan 2026 Bayesian Congressional Forecast","ess-2026-08-19-c6efb7fae184f91b","2026-08-19","","published","2026-11-03","US Senate Seats by Party","R","51.2755","seats","","","","posterior mean seats; independents separate where modeled","national","https://github.com/thisismactan/US-2026/tree/main/output","https://www.electionstatsheet.com/senate","house_forecast_timeline.csv + senate_forecast_timeline.csv","","Control 'Other' is residual probability not assigned to a D or R majority/control outcome.","national","US","United States"
"2.1.0","2026-08-19T15:33:22+00:00","2026-08-19T15:33:22+00:00","Election StatSheet","Mac Tan 2026 Bayesian Congressional Forecast","ess-2026-08-19-c6efb7fae184f91b","2026-08-19","","published","2026-11-03","US Senate Seats by Party","Other","0.0956","seats","","","","posterior mean seats; independents separate where modeled","national","https://github.com/thisismactan/US-2026/tree/main/output","https://www.electionstatsheet.com/senate","house_forecast_timeline.csv + senate_forecast_timeline.csv","","Control 'Other' is residual probability not assigned to a D or R majority/control outcome.","national","US","United States"
"2.1.0","2026-08-19T15:33:22+00:00","2026-08-19T15:33:22+00:00","Election StatSheet","Mac Tan 2026 Bayesian Congressional Forecast","ess-2026-08-19-c6efb7fae184f91b","2026-08-19","","published","2026-11-03","US Senate Party Probability","D","26.4","percent","","","","probability of controlling the U.S. Senate","national","https://github.com/thisismactan/US-2026/tree/main/output","https://www.electionstatsheet.com/senate","house_forecast_timeline.csv + senate_forecast_timeline.csv","","Control 'Other' is residual probability not assigned to a D or R majority/control outcome.","national","US","United States"
"2.1.0","2026-08-19T15:33:22+00:00","2026-08-19T15:33:22+00:00","Election StatSheet","Mac Tan 2026 Bayesian Congressional Forecast","ess-2026-08-19-c6efb7fae184f91b","2026-08-19","","published","2026-11-03","US Senate Party Probability","R","72.31","percent","","","","probability of controlling the U.S. Senate","national","https://github.com/thisismactan/US-2026/tree/main/output","https://www.electionstatsheet.com/senate","house_forecast_timeline.csv + senate_forecast_timeline.csv","","Control 'Other' is residual probability not assigned to a D or R majority/control outcome.","national","US","United States"
"2.1.0","2026-08-19T15:33:22+00:00","2026-08-19T15:33:22+00:00","Election StatSheet","Mac Tan 2026 Bayesian Congressional Forecast","ess-2026-08-19-c6efb7fae184f91b","2026-08-19","","published","2026-11-03","US Senate Party Probability","Other","1.29","percent","","","","probability of controlling the U.S. Senate","national","https://github.com/thisismactan/US-2026/tree/main/output","https://www.electionstatsheet.com/senate","house_forecast_timeline.csv + senate_forecast_timeline.csv","","Control 'Other' is residual probability not assigned to a D or R majority/control outcome.","national","US","United States"
"2.1.0","2026-08-19T15:33:22+00:00","2026-08-19T15:33:22+00:00","Election StatSheet","Mac Tan 2026 Bayesian Congressional Forecast","ess-2026-08-19-c6efb7fae184f91b","2026-08-19","","published","2026-11-03","US House Popular Vote Projection","D","53.533119","percent","","48.523907","58.507038","two-party House popular vote posterior mean","national","https://github.com/thisismactan/US-2026/tree/main/output","https://www.electionstatsheet.com/house","house_forecast_timeline.csv + senate_forecast_timeline.csv","","Control 'Other' is residual probability not assigned to a D or R majority/control outcome.","national","US","United States"
"2.1.0","2026-08-19T15:33:22+00:00","2026-08-19T15:33:22+00:00","Election StatSheet","Mac Tan 2026 Bayesian Congressional Forecast","ess-2026-08-19-c6efb7fae184f91b","2026-08-19","","published","2026-11-03","US House Popular Vote Projection","R","46.466881","percent","","","","two-party House popular vote posterior mean","national","https://github.com/thisismactan/US-2026/tree/main/output","https://www.electionstatsheet.com/house","house_forecast_timeline.csv + senate_forecast_timeline.csv","","Control 'Other' is residual probability not assigned to a D or R majority/control outcome.","national","US","United States"
"2.1.0","2026-08-19T15:33:22+00:00","2026-08-19T15:33:22+00:00","Election StatSheet","Mac Tan 2026 Bayesian Congressional Forecast","ess-2026-08-19-c6efb7fae184f91b","2026-08-19","","published","2026-11-03","US House Popular Vote Projection","Other","0","percent","","","","two-party House popular vote posterior mean","national","https://github.com/thisismactan/US-2026/tree/main/output","https://www.electionstatsheet.com/house","house_forecast_timeline.csv + senate_forecast_timeline.csv","","Control 'Other' is residual probability not assigned to a D or R majority/control outcome.","national","US","United States"
"2.1.0","2026-08-19T15:33:22+00:00","2026-08-19T15:33:22+00:00","Election StatSheet","Mac Tan 2026 Bayesian Congressional Forecast","ess-2026-08-19-c6efb7fae184f91b","2026-08-19","","published","2026-11-03","US House Popular Vote Margin","D-R","7.066238","percentage_points","","","","two-party House popular vote posterior mean","national","https://github.com/thisismactan/US-2026/tree/main/output","https://www.electionstatsheet.com/house","house_forecast_timeline.csv + senate_forecast_timeline.csv","","Control 'Other' is residual probability not assigned to a D or R majority/control outcome.","national","US","United States"
"2.1.0","2026-08-19T15:33:22+00:00","2026-08-19T15:33:22+00:00","Grant Williams","2026 Midterms Forecast v5.0.0","forecast-20260819T023712Z-a6626dd65767","2026-08-19","2026-08-19T02:37:12.855117+00:00","degraded","2026-11-03","US House Seats by Party","D","250.79","seats","246","207","314","posterior mean expected seats","national","https://grantbw4.github.io/2026-midterms-forecast/","https://grantbw4.github.io/2026-midterms-forecast/","forecast.json + senate_forecast.json","degraded","fred_consumer_sentiment is degraded; fred_real_disposable_income is degraded","national","US","United States"
"2.1.0","2026-08-19T15:33:22+00:00","2026-08-19T15:33:22+00:00","Grant Williams","2026 Midterms Forecast v5.0.0","forecast-20260819T023712Z-a6626dd65767","2026-08-19","2026-08-19T02:37:12.855117+00:00","degraded","2026-11-03","US House Seats by Party","R","184.21","seats","189","","","posterior mean expected seats","national","https://grantbw4.github.io/2026-midterms-forecast/","https://grantbw4.github.io/2026-midterms-forecast/","forecast.json + senate_forecast.json","degraded","fred_consumer_sentiment is degraded; fred_real_disposable_income is degraded","national","US","United States"
"2.1.0","2026-08-19T15:33:22+00:00","2026-08-19T15:33:22+00:00","Grant Williams","2026 Midterms Forecast v5.0.0","forecast-20260819T023712Z-a6626dd65767","2026-08-19","2026-08-19T02:37:12.855117+00:00","degraded","2026-11-03","US House Seats by Party","Other","0","seats","0","","","posterior mean expected seats","national","https://grantbw4.github.io/2026-midterms-forecast/","https://grantbw4.github.io/2026-midterms-forecast/","forecast.json + senate_forecast.json","degraded","fred_consumer_sentiment is degraded; fred_real_disposable_income is degraded","national","US","United States"
"2.1.0","2026-08-19T15:33:22+00:00","2026-08-19T15:33:22+00:00","Grant Williams","2026 Midterms Forecast v5.0.0","forecast-20260819T023712Z-a6626dd65767","2026-08-19","2026-08-19T02:37:12.855117+00:00","degraded","2026-11-03","US House Party Probability","D","86.86","percent","","","","probability of controlling the U.S. House","national","https://grantbw4.github.io/2026-midterms-forecast/","https://grantbw4.github.io/2026-midterms-forecast/","forecast.json + senate_forecast.json","degraded","fred_consumer_sentiment is degraded; fred_real_disposable_income is degraded","national","US","United States"
"2.1.0","2026-08-19T15:33:22+00:00","2026-08-19T15:33:22+00:00","Grant Williams","2026 Midterms Forecast v5.0.0","forecast-20260819T023712Z-a6626dd65767","2026-08-19","2026-08-19T02:37:12.855117+00:00","degraded","2026-11-03","US House Party Probability","R","13.14","percent","","","","probability of controlling the U.S. House","national","https://grantbw4.github.io/2026-midterms-forecast/","https://grantbw4.github.io/2026-midterms-forecast/","forecast.json + senate_forecast.json","degraded","fred_consumer_sentiment is degraded; fred_real_disposable_income is degraded","national","US","United States"
"2.1.0","2026-08-19T15:33:22+00:00","2026-08-19T15:33:22+00:00","Grant Williams","2026 Midterms Forecast v5.0.0","forecast-20260819T023712Z-a6626dd65767","2026-08-19","2026-08-19T02:37:12.855117+00:00","degraded","2026-11-03","US House Party Probability","Other","0","percent","","","","probability of controlling the U.S. House","national","https://grantbw4.github.io/2026-midterms-forecast/","https://grantbw4.github.io/2026-midterms-forecast/","forecast.json + senate_forecast.json","degraded","fred_consumer_sentiment is degraded; fred_real_disposable_income is degraded","national","US","United States"
"2.1.0","2026-08-19T15:33:22+00:00","2026-08-19T15:33:22+00:00","Grant Williams","2026 Midterms Forecast v5.0.0","forecast-20260819T023712Z-a6626dd65767","2026-08-19","2026-08-19T02:37:12.855117+00:00","degraded","2026-11-03","US Senate Seats by Party","D","51.43","seats","51","47","56","posterior mean caucus seats; aligned independents are included in the Democratic caucus","national","https://grantbw4.github.io/2026-midterms-forecast/","https://grantbw4.github.io/2026-midterms-forecast/","forecast.json + senate_forecast.json","degraded","fred_consumer_sentiment is degraded; fred_real_disposable_income is degraded","national","US","United States"
"2.1.0","2026-08-19T15:33:22+00:00","2026-08-19T15:33:22+00:00","Grant Williams","2026 Midterms Forecast v5.0.0","forecast-20260819T023712Z-a6626dd65767","2026-08-19","2026-08-19T02:37:12.855117+00:00","degraded","2026-11-03","US Senate Seats by Party","R","48.57","seats","49","","","posterior mean caucus seats; aligned independents are included in the Democratic caucus","national","https://grantbw4.github.io/2026-midterms-forecast/","https://grantbw4.github.io/2026-midterms-forecast/","forecast.json + senate_forecast.json","degraded","fred_consumer_sentiment is degraded; fred_real_disposable_income is degraded","national","US","United States"
"2.1.0","2026-08-19T15:33:22+00:00","2026-08-19T15:33:22+00:00","Grant Williams","2026 Midterms Forecast v5.0.0","forecast-20260819T023712Z-a6626dd65767","2026-08-19","2026-08-19T02:37:12.855117+00:00","degraded","2026-11-03","US Senate Seats by Party","Other","0","seats","0","","","posterior mean caucus seats; aligned independents are included in the Democratic caucus","national","https://grantbw4.github.io/2026-midterms-forecast/","https://grantbw4.github.io/2026-midterms-forecast/","forecast.json + senate_forecast.json","degraded","fred_consumer_sentiment is degraded; fred_real_disposable_income is degraded","national","US","United States"
"2.1.0","2026-08-19T15:33:22+00:00","2026-08-19T15:33:22+00:00","Grant Williams","2026 Midterms Forecast v5.0.0","forecast-20260819T023712Z-a6626dd65767","2026-08-19","2026-08-19T02:37:12.855117+00:00","degraded","2026-11-03","US Senate Party Probability","D","62.03","percent","","","","probability of controlling the U.S. Senate","national","https://grantbw4.github.io/2026-midterms-forecast/","https://grantbw4.github.io/2026-midterms-forecast/","forecast.json + senate_forecast.json","degraded","fred_consumer_sentiment is degraded; fred_real_disposable_income is degraded","national","US","United States"
"2.1.0","2026-08-19T15:33:22+00:00","2026-08-19T15:33:22+00:00","Grant Williams","2026 Midterms Forecast v5.0.0","forecast-20260819T023712Z-a6626dd65767","2026-08-19","2026-08-19T02:37:12.855117+00:00","degraded","2026-11-03","US Senate Party Probability","R","37.97","percent","","","","probability of controlling the U.S. Senate","national","https://grantbw4.github.io/2026-midterms-forecast/","https://grantbw4.github.io/2026-midterms-forecast/","forecast.json + senate_forecast.json","degraded","fred_consumer_sentiment is degraded; fred_real_disposable_income is degraded","national","US","United States"
"2.1.0","2026-08-19T15:33:22+00:00","2026-08-19T15:33:22+00:00","Grant Williams","2026 Midterms Forecast v5.0.0","forecast-20260819T023712Z-a6626dd65767","2026-08-19","2026-08-19T02:37:12.855117+00:00","degraded","2026-11-03","US Senate Party Probability","Other","0","percent","","","","probability of controlling the U.S. Senate","national","https://grantbw4.github.io/2026-midterms-forecast/","https://grantbw4.github.io/2026-midterms-forecast/","forecast.json + senate_forecast.json","degraded","fred_consumer_sentiment is degraded; fred_real_disposable_income is degraded","national","US","United States"
"2.1.0","2026-08-19T15:33:22+00:00","2026-08-19T15:33:22+00:00","Grant Williams","2026 Midterms Forecast v5.0.0","forecast-20260819T023712Z-a6626dd65767","2026-08-19","2026-08-19T02:37:12.855117+00:00","degraded","2026-11-03","US House Popular Vote Projection","D","52.865","percent","","51.0775","54.6405","Democratic two-party election-day House popular-vote margin","national","https://grantbw4.github.io/2026-midterms-forecast/","https://grantbw4.github.io/2026-midterms-forecast/","forecast.json + senate_forecast.json","degraded","fred_consumer_sentiment is degraded; fred_real_disposable_income is degraded","national","US","United States"
"2.1.0","2026-08-19T15:33:22+00:00","2026-08-19T15:33:22+00:00","Grant Williams","2026 Midterms Forecast v5.0.0","forecast-20260819T023712Z-a6626dd65767","2026-08-19","2026-08-19T02:37:12.855117+00:00","degraded","2026-11-03","US House Popular Vote Projection","R","47.135","percent","","","","Democratic two-party election-day House popular-vote margin","national","https://grantbw4.github.io/2026-midterms-forecast/","https://grantbw4.github.io/2026-midterms-forecast/","forecast.json + senate_forecast.json","degraded","fred_consumer_sentiment is degraded; fred_real_disposable_income is degraded","national","US","United States"
"2.1.0","2026-08-19T15:33:22+00:00","2026-08-19T15:33:22+00:00","Grant Williams","2026 Midterms Forecast v5.0.0","forecast-20260819T023712Z-a6626dd65767","2026-08-19","2026-08-19T02:37:12.855117+00:00","degraded","2026-11-03","US House Popular Vote Projection","Other","0","percent","","","","Democratic two-party election-day House popular-vote margin","national","https://grantbw4.github.io/2026-midterms-forecast/","https://grantbw4.github.io/2026-midterms-forecast/","forecast.json + senate_forecast.json","degraded","fred_consumer_sentiment is degraded; fred_real_disposable_income is degraded","national","US","United States"
"2.1.0","2026-08-19T15:33:22+00:00","2026-08-19T15:33:22+00:00","Grant Williams","2026 Midterms Forecast v5.0.0","forecast-20260819T023712Z-a6626dd65767","2026-08-19","2026-08-19T02:37:12.855117+00:00","degraded","2026-11-03","US House Popular Vote Margin","D-R","5.73","percentage_points","","","","Democratic two-party election-day House popular-vote margin","national","https://grantbw4.github.io/2026-midterms-forecast/","https://grantbw4.github.io/2026-midterms-forecast/","forecast.json + senate_forecast.json","degraded","fred_consumer_sentiment is degraded; fred_real_disposable_income is degraded","national","US","United States"
"2.1.0","2026-08-20T14:18:22+00:00","2026-08-20T14:18:22+00:00","ElectIndex","ElectIndex 2026 U.S. Election Forecast","electindex-2026-08-20-58af7fdf1a5d4b6b","2026-08-20","","published","2026-11-03","US House Seats by Party","D","238.1","seats","","","","published mean expected seats (avg_dem_seats / avg_gop_seats)","national","https://github.com/ElectIndex/26_us_forecast_data/tree/main/output","https://electindex.com/forecasts/","chambers.csv + national_indicators.csv","","ElectIndex publishes only Democratic chamber-control probability in chambers.csv; Republican control is stored as the binary complement. Published projected Democratic seats: House=231; Senate=51.","national","US","United States"
"2.1.0","2026-08-20T14:18:22+00:00","2026-08-20T14:18:22+00:00","ElectIndex","ElectIndex 2026 U.S. Election Forecast","electindex-2026-08-20-58af7fdf1a5d4b6b","2026-08-20","","published","2026-11-03","US House Seats by Party","R","196.9","seats","","","","published mean expected seats (avg_dem_seats / avg_gop_seats)","national","https://github.com/ElectIndex/26_us_forecast_data/tree/main/output","https://electindex.com/forecasts/","chambers.csv + national_indicators.csv","","ElectIndex publishes only Democratic chamber-control probability in chambers.csv; Republican control is stored as the binary complement. Published projected Democratic seats: House=231; Senate=51.","national","US","United States"
"2.1.0","2026-08-20T14:18:22+00:00","2026-08-20T14:18:22+00:00","ElectIndex","ElectIndex 2026 U.S. Election Forecast","electindex-2026-08-20-58af7fdf1a5d4b6b","2026-08-20","","published","2026-11-03","US House Seats by Party","Other","0","seats","","","","published mean expected seats (avg_dem_seats / avg_gop_seats)","national","https://github.com/ElectIndex/26_us_forecast_data/tree/main/output","https://electindex.com/forecasts/","chambers.csv + national_indicators.csv","","ElectIndex publishes only Democratic chamber-control probability in chambers.csv; Republican control is stored as the binary complement. Published projected Democratic seats: House=231; Senate=51.","national","US","United States"
"2.1.0","2026-08-20T14:18:22+00:00","2026-08-20T14:18:22+00:00","ElectIndex","ElectIndex 2026 U.S. Election Forecast","electindex-2026-08-20-58af7fdf1a5d4b6b","2026-08-20","","published","2026-11-03","US House Party Probability","D","71","percent","","","","probability of controlling the U.S. House","national","https://github.com/ElectIndex/26_us_forecast_data/tree/main/output","https://electindex.com/forecasts/","chambers.csv + national_indicators.csv","","ElectIndex publishes only Democratic chamber-control probability in chambers.csv; Republican control is stored as the binary complement. Published projected Democratic seats: House=231; Senate=51.","national","US","United States"
"2.1.0","2026-08-20T14:18:22+00:00","2026-08-20T14:18:22+00:00","ElectIndex","ElectIndex 2026 U.S. Election Forecast","electindex-2026-08-20-58af7fdf1a5d4b6b","2026-08-20","","published","2026-11-03","US House Party Probability","R","29","percent","","","","probability of controlling the U.S. House","national","https://github.com/ElectIndex/26_us_forecast_data/tree/main/output","https://electindex.com/forecasts/","chambers.csv + national_indicators.csv","","ElectIndex publishes only Democratic chamber-control probability in chambers.csv; Republican control is stored as the binary complement. Published projected Democratic seats: House=231; Senate=51.","national","US","United States"
"2.1.0","2026-08-20T14:18:22+00:00","2026-08-20T14:18:22+00:00","ElectIndex","ElectIndex 2026 U.S. Election Forecast","electindex-2026-08-20-58af7fdf1a5d4b6b","2026-08-20","","published","2026-11-03","US House Party Probability","Other","0","percent","","","","probability of controlling the U.S. House","national","https://github.com/ElectIndex/26_us_forecast_data/tree/main/output","https://electindex.com/forecasts/","chambers.csv + national_indicators.csv","","ElectIndex publishes only Democratic chamber-control probability in chambers.csv; Republican control is stored as the binary complement. Published projected Democratic seats: House=231; Senate=51.","national","US","United States"
"2.1.0","2026-08-20T14:18:22+00:00","2026-08-20T14:18:22+00:00","ElectIndex","ElectIndex 2026 U.S. Election Forecast","electindex-2026-08-20-58af7fdf1a5d4b6b","2026-08-20","","published","2026-11-03","US Senate Seats by Party","D","50.3","seats","","","","published mean expected seats (avg_dem_seats / avg_gop_seats)","national","https://github.com/ElectIndex/26_us_forecast_data/tree/main/output","https://electindex.com/forecasts/","chambers.csv + national_indicators.csv","","ElectIndex publishes only Democratic chamber-control probability in chambers.csv; Republican control is stored as the binary complement. Published projected Democratic seats: House=231; Senate=51.","national","US","United States"
"2.1.0","2026-08-20T14:18:22+00:00","2026-08-20T14:18:22+00:00","ElectIndex","ElectIndex 2026 U.S. Election Forecast","electindex-2026-08-20-58af7fdf1a5d4b6b","2026-08-20","","published","2026-11-03","US Senate Seats by Party","R","49.7","seats","","","","published mean expected seats (avg_dem_seats / avg_gop_seats)","national","https://github.com/ElectIndex/26_us_forecast_data/tree/main/output","https://electindex.com/forecasts/","chambers.csv + national_indicators.csv","","ElectIndex publishes only Democratic chamber-control probability in chambers.csv; Republican control is stored as the binary complement. Published projected Democratic seats: House=231; Senate=51.","national","US","United States"
"2.1.0","2026-08-20T14:18:22+00:00","2026-08-20T14:18:22+00:00","ElectIndex","ElectIndex 2026 U.S. Election Forecast","electindex-2026-08-20-58af7fdf1a5d4b6b","2026-08-20","","published","2026-11-03","US Senate Seats by Party","Other","0","seats","","","","published mean expected seats (avg_dem_seats / avg_gop_seats)","national","https://github.com/ElectIndex/26_us_forecast_data/tree/main/output","https://electindex.com/forecasts/","chambers.csv + national_indicators.csv","","ElectIndex publishes only Democratic chamber-control probability in chambers.csv; Republican control is stored as the binary complement. Published projected Democratic seats: House=231; Senate=51.","national","US","United States"
"2.1.0","2026-08-20T14:18:22+00:00","2026-08-20T14:18:22+00:00","ElectIndex","ElectIndex 2026 U.S. Election Forecast","electindex-2026-08-20-58af7fdf1a5d4b6b","2026-08-20","","published","2026-11-03","US Senate Party Probability","D","48.5","percent","","","","probability of controlling the U.S. Senate","national","https://github.com/ElectIndex/26_us_forecast_data/tree/main/output","https://electindex.com/forecasts/","chambers.csv + national_indicators.csv","","ElectIndex publishes only Democratic chamber-control probability in chambers.csv; Republican control is stored as the binary complement. Published projected Democratic seats: House=231; Senate=51.","national","US","United States"
"2.1.0","2026-08-20T14:18:22+00:00","2026-08-20T14:18:22+00:00","ElectIndex","ElectIndex 2026 U.S. Election Forecast","electindex-2026-08-20-58af7fdf1a5d4b6b","2026-08-20","","published","2026-11-03","US Senate Party Probability","R","51.5","percent","","","","probability of controlling the U.S. Senate","national","https://github.com/ElectIndex/26_us_forecast_data/tree/main/output","https://electindex.com/forecasts/","chambers.csv + national_indicators.csv","","ElectIndex publishes only Democratic chamber-control probability in chambers.csv; Republican control is stored as the binary complement. Published projected Democratic seats: House=231; Senate=51.","national","US","United States"
"2.1.0","2026-08-20T14:18:22+00:00","2026-08-20T14:18:22+00:00","ElectIndex","ElectIndex 2026 U.S. Election Forecast","electindex-2026-08-20-58af7fdf1a5d4b6b","2026-08-20","","published","2026-11-03","US Senate Party Probability","Other","0","percent","","","","probability of controlling the U.S. Senate","national","https://github.com/ElectIndex/26_us_forecast_data/tree/main/output","https://electindex.com/forecasts/","chambers.csv + national_indicators.csv","","ElectIndex publishes only Democratic chamber-control probability in chambers.csv; Republican control is stored as the binary complement. Published projected Democratic seats: House=231; Senate=51.","national","US","United States"
"2.1.0","2026-08-20T14:18:22+00:00","2026-08-20T14:18:22+00:00","ElectIndex","ElectIndex 2026 U.S. Election Forecast","electindex-2026-08-20-58af7fdf1a5d4b6b","2026-08-20","","published","2026-11-03","US House Popular Vote Projection","D","53.689031","percent","","","","all-party projected national House vote counts","national","https://github.com/ElectIndex/26_us_forecast_data/tree/main/output","https://electindex.com/forecasts/","chambers.csv + national_indicators.csv","","ElectIndex publishes only Democratic chamber-control probability in chambers.csv; Republican control is stored as the binary complement. Published projected Democratic seats: House=231; Senate=51.","national","US","United States"
"2.1.0","2026-08-20T14:18:22+00:00","2026-08-20T14:18:22+00:00","ElectIndex","ElectIndex 2026 U.S. Election Forecast","electindex-2026-08-20-58af7fdf1a5d4b6b","2026-08-20","","published","2026-11-03","US House Popular Vote Projection","R","46.124295","percent","","","","all-party projected national House vote counts","national","https://github.com/ElectIndex/26_us_forecast_data/tree/main/output","https://electindex.com/forecasts/","chambers.csv + national_indicators.csv","","ElectIndex publishes only Democratic chamber-control probability in chambers.csv; Republican control is stored as the binary complement. Published projected Democratic seats: House=231; Senate=51.","national","US","United States"
"2.1.0","2026-08-20T14:18:22+00:00","2026-08-20T14:18:22+00:00","ElectIndex","ElectIndex 2026 U.S. Election Forecast","electindex-2026-08-20-58af7fdf1a5d4b6b","2026-08-20","","published","2026-11-03","US House Popular Vote Projection","Other","0.186674","percent","","","","all-party projected national House vote counts","national","https://github.com/ElectIndex/26_us_forecast_data/tree/main/output","https://electindex.com/forecasts/","chambers.csv + national_indicators.csv","","ElectIndex publishes only Democratic chamber-control probability in chambers.csv; Republican control is stored as the binary complement. Published projected Democratic seats: House=231; Senate=51.","national","US","United States"
"2.1.0","2026-08-20T14:18:22+00:00","2026-08-20T14:18:22+00:00","ElectIndex","ElectIndex 2026 U.S. Election Forecast","electindex-2026-08-20-58af7fdf1a5d4b6b","2026-08-20","","published","2026-11-03","US House Popular Vote Margin","D-R","7.58","percentage_points","","","","all-party projected national House vote counts","national","https://github.com/ElectIndex/26_us_forecast_data/tree/main/output","https://electindex.com/forecasts/","chambers.csv + national_indicators.csv","","ElectIndex publishes only Democratic chamber-control probability in chambers.csv; Republican control is stored as the binary complement. Published projected Democratic seats: House=231; Senate=51.","national","US","United States"
"2.1.0","2026-08-20T14:18:22+00:00","2026-08-20T14:18:22+00:00","Election StatSheet","Mac Tan 2026 Bayesian Congressional Forecast","ess-2026-08-20-a2775216c2700e5e","2026-08-20","","published","2026-11-03","US House Seats by Party","D","223.0183","seats","","199","255","posterior mean expected seats","national","https://github.com/thisismactan/US-2026/tree/main/output","https://www.electionstatsheet.com/house","house_forecast_timeline.csv + senate_forecast_timeline.csv","","Control 'Other' is residual probability not assigned to a D or R majority/control outcome.","national","US","United States"
"2.1.0","2026-08-20T14:18:22+00:00","2026-08-20T14:18:22+00:00","Election StatSheet","Mac Tan 2026 Bayesian Congressional Forecast","ess-2026-08-20-a2775216c2700e5e","2026-08-20","","published","2026-11-03","US House Seats by Party","R","211.9817","seats","","","","posterior mean expected seats","national","https://github.com/thisismactan/US-2026/tree/main/output","https://www.electionstatsheet.com/house","house_forecast_timeline.csv + senate_forecast_timeline.csv","","Control 'Other' is residual probability not assigned to a D or R majority/control outcome.","national","US","United States"
"2.1.0","2026-08-20T14:18:22+00:00","2026-08-20T14:18:22+00:00","Election StatSheet","Mac Tan 2026 Bayesian Congressional Forecast","ess-2026-08-20-a2775216c2700e5e","2026-08-20","","published","2026-11-03","US House Seats by Party","Other","0","seats","","","","posterior mean expected seats","national","https://github.com/thisismactan/US-2026/tree/main/output","https://www.electionstatsheet.com/house","house_forecast_timeline.csv + senate_forecast_timeline.csv","","Control 'Other' is residual probability not assigned to a D or R majority/control outcome.","national","US","United States"
"2.1.0","2026-08-20T14:18:22+00:00","2026-08-20T14:18:22+00:00","Election StatSheet","Mac Tan 2026 Bayesian Congressional Forecast","ess-2026-08-20-a2775216c2700e5e","2026-08-20","","published","2026-11-03","US House Party Probability","D","57.92","percent","","","","probability of controlling the U.S. House","national","https://github.com/thisismactan/US-2026/tree/main/output","https://www.electionstatsheet.com/house","house_forecast_timeline.csv + senate_forecast_timeline.csv","","Control 'Other' is residual probability not assigned to a D or R majority/control outcome.","national","US","United States"
"2.1.0","2026-08-20T14:18:22+00:00","2026-08-20T14:18:22+00:00","Election StatSheet","Mac Tan 2026 Bayesian Congressional Forecast","ess-2026-08-20-a2775216c2700e5e","2026-08-20","","published","2026-11-03","US House Party Probability","R","42.08","percent","","","","probability of controlling the U.S. House","national","https://github.com/thisismactan/US-2026/tree/main/output","https://www.electionstatsheet.com/house","house_forecast_timeline.csv + senate_forecast_timeline.csv","","Control 'Other' is residual probability not assigned to a D or R majority/control outcome.","national","US","United States"
"2.1.0","2026-08-20T14:18:22+00:00","2026-08-20T14:18:22+00:00","Election StatSheet","Mac Tan 2026 Bayesian Congressional Forecast","ess-2026-08-20-a2775216c2700e5e","2026-08-20","","published","2026-11-03","US House Party Probability","Other","0","percent","","","","probability of controlling the U.S. House","national","https://github.com/thisismactan/US-2026/tree/main/output","https://www.electionstatsheet.com/house","house_forecast_timeline.csv + senate_forecast_timeline.csv","","Control 'Other' is residual probability not assigned to a D or R majority/control outcome.","national","US","United States"
"2.1.0","2026-08-20T14:18:22+00:00","2026-08-20T14:18:22+00:00","Election StatSheet","Mac Tan 2026 Bayesian Congressional Forecast","ess-2026-08-20-a2775216c2700e5e","2026-08-20","","published","2026-11-03","US Senate Seats by Party","D","48.7363","seats","","44","53","posterior mean seats; independents separate where modeled","national","https://github.com/thisismactan/US-2026/tree/main/output","https://www.electionstatsheet.com/senate","house_forecast_timeline.csv + senate_forecast_timeline.csv","","Control 'Other' is residual probability not assigned to a D or R majority/control outcome.","national","US","United States"
"2.1.0","2026-08-20T14:18:22+00:00","2026-08-20T14:18:22+00:00","Election StatSheet","Mac Tan 2026 Bayesian Congressional Forecast","ess-2026-08-20-a2775216c2700e5e","2026-08-20","","published","2026-11-03","US Senate Seats by Party","R","51.1648","seats","","","","posterior mean seats; independents separate where modeled","national","https://github.com/thisismactan/US-2026/tree/main/output","https://www.electionstatsheet.com/senate","house_forecast_timeline.csv + senate_forecast_timeline.csv","","Control 'Other' is residual probability not assigned to a D or R majority/control outcome.","national","US","United States"
"2.1.0","2026-08-20T14:18:22+00:00","2026-08-20T14:18:22+00:00","Election StatSheet","Mac Tan 2026 Bayesian Congressional Forecast","ess-2026-08-20-a2775216c2700e5e","2026-08-20","","published","2026-11-03","US Senate Seats by Party","Other","0.0989","seats","","","","posterior mean seats; independents separate where modeled","national","https://github.com/thisismactan/US-2026/tree/main/output","https://www.electionstatsheet.com/senate","house_forecast_timeline.csv + senate_forecast_timeline.csv","","Control 'Other' is residual probability not assigned to a D or R majority/control outcome.","national","US","United States"
"2.1.0","2026-08-20T14:18:22+00:00","2026-08-20T14:18:22+00:00","Election StatSheet","Mac Tan 2026 Bayesian Congressional Forecast","ess-2026-08-20-a2775216c2700e5e","2026-08-20","","published","2026-11-03","US Senate Party Probability","D","27.61","percent","","","","probability of controlling the U.S. Senate","national","https://github.com/thisismactan/US-2026/tree/main/output","https://www.electionstatsheet.com/senate","house_forecast_timeline.csv + senate_forecast_timeline.csv","","Control 'Other' is residual probability not assigned to a D or R majority/control outcome.","national","US","United States"
"2.1.0","2026-08-20T14:18:22+00:00","2026-08-20T14:18:22+00:00","Election StatSheet","Mac Tan 2026 Bayesian Congressional Forecast","ess-2026-08-20-a2775216c2700e5e","2026-08-20","","published","2026-11-03","US Senate Party Probability","R","71","percent","","","","probability of controlling the U.S. Senate","national","https://github.com/thisismactan/US-2026/tree/main/output","https://www.electionstatsheet.com/senate","house_forecast_timeline.csv + senate_forecast_timeline.csv","","Control 'Other' is residual probability not assigned to a D or R majority/control outcome.","national","US","United States"
"2.1.0","2026-08-20T14:18:22+00:00","2026-08-20T14:18:22+00:00","Election StatSheet","Mac Tan 2026 Bayesian Congressional Forecast","ess-2026-08-20-a2775216c2700e5e","2026-08-20","","published","2026-11-03","US Senate Party Probability","Other","1.39","percent","","","","probability of controlling the U.S. Senate","national","https://github.com/thisismactan/US-2026/tree/main/output","https://www.electionstatsheet.com/senate","house_forecast_timeline.csv + senate_forecast_timeline.csv","","Control 'Other' is residual probability not assigned to a D or R majority/control outcome.","national","US","United States"
"2.1.0","2026-08-20T14:18:22+00:00","2026-08-20T14:18:22+00:00","Election StatSheet","Mac Tan 2026 Bayesian Congressional Forecast","ess-2026-08-20-a2775216c2700e5e","2026-08-20","","published","2026-11-03","US House Popular Vote Projection","D","53.557745","percent","","48.494598","58.600454","two-party House popular vote posterior mean","national","https://github.com/thisismactan/US-2026/tree/main/output","https://www.electionstatsheet.com/house","house_forecast_timeline.csv + senate_forecast_timeline.csv","","Control 'Other' is residual probability not assigned to a D or R majority/control outcome.","national","US","United States"
"2.1.0","2026-08-20T14:18:22+00:00","2026-08-20T14:18:22+00:00","Election StatSheet","Mac Tan 2026 Bayesian Congressional Forecast","ess-2026-08-20-a2775216c2700e5e","2026-08-20","","published","2026-11-03","US House Popular Vote Projection","R","46.442255","percent","","","","two-party House popular vote posterior mean","national","https://github.com/thisismactan/US-2026/tree/main/output","https://www.electionstatsheet.com/house","house_forecast_timeline.csv + senate_forecast_timeline.csv","","Control 'Other' is residual probability not assigned to a D or R majority/control outcome.","national","US","United States"
"2.1.0","2026-08-20T14:18:22+00:00","2026-08-20T14:18:22+00:00","Election StatSheet","Mac Tan 2026 Bayesian Congressional Forecast","ess-2026-08-20-a2775216c2700e5e","2026-08-20","","published","2026-11-03","US House Popular Vote Projection","Other","0","percent","","","","two-party House popular vote posterior mean","national","https://github.com/thisismactan/US-2026/tree/main/output","https://www.electionstatsheet.com/house","house_forecast_timeline.csv + senate_forecast_timeline.csv","","Control 'Other' is residual probability not assigned to a D or R majority/control outcome.","national","US","United States"
"2.1.0","2026-08-20T14:18:22+00:00","2026-08-20T14:18:22+00:00","Election StatSheet","Mac Tan 2026 Bayesian Congressional Forecast","ess-2026-08-20-a2775216c2700e5e","2026-08-20","","published","2026-11-03","US House Popular Vote Margin","D-R","7.11549","percentage_points","","","","two-party House popular vote posterior mean","national","https://github.com/thisismactan/US-2026/tree/main/output","https://www.electionstatsheet.com/house","house_forecast_timeline.csv + senate_forecast_timeline.csv","","Control 'Other' is residual probability not assigned to a D or R majority/control outcome.","national","US","United States"
"2.1.0","2026-08-20T14:18:22+00:00","2026-08-20T14:18:22+00:00","Grant Williams","2026 Midterms Forecast v5.0.0","forecast-20260820T023557Z-8f654f15181b","2026-08-20","2026-08-20T02:35:57.669921+00:00","degraded","2026-11-03","US House Seats by Party","D","250.5","seats","245","206","314","posterior mean expected seats","national","https://grantbw4.github.io/2026-midterms-forecast/","https://grantbw4.github.io/2026-midterms-forecast/","forecast.json + senate_forecast.json","degraded","fred_consumer_sentiment is degraded; fred_real_disposable_income is degraded","national","US","United States"
"2.1.0","2026-08-20T14:18:22+00:00","2026-08-20T14:18:22+00:00","Grant Williams","2026 Midterms Forecast v5.0.0","forecast-20260820T023557Z-8f654f15181b","2026-08-20","2026-08-20T02:35:57.669921+00:00","degraded","2026-11-03","US House Seats by Party","R","184.5","seats","190","","","posterior mean expected seats","national","https://grantbw4.github.io/2026-midterms-forecast/","https://grantbw4.github.io/2026-midterms-forecast/","forecast.json + senate_forecast.json","degraded","fred_consumer_sentiment is degraded; fred_real_disposable_income is degraded","national","US","United States"
"2.1.0","2026-08-20T14:18:22+00:00","2026-08-20T14:18:22+00:00","Grant Williams","2026 Midterms Forecast v5.0.0","forecast-20260820T023557Z-8f654f15181b","2026-08-20","2026-08-20T02:35:57.669921+00:00","degraded","2026-11-03","US House Seats by Party","Other","0","seats","0","","","posterior mean expected seats","national","https://grantbw4.github.io/2026-midterms-forecast/","https://grantbw4.github.io/2026-midterms-forecast/","forecast.json + senate_forecast.json","degraded","fred_consumer_sentiment is degraded; fred_real_disposable_income is degraded","national","US","United States"
"2.1.0","2026-08-20T14:18:22+00:00","2026-08-20T14:18:22+00:00","Grant Williams","2026 Midterms Forecast v5.0.0","forecast-20260820T023557Z-8f654f15181b","2026-08-20","2026-08-20T02:35:57.669921+00:00","degraded","2026-11-03","US House Party Probability","D","86.76","percent","","","","probability of controlling the U.S. House","national","https://grantbw4.github.io/2026-midterms-forecast/","https://grantbw4.github.io/2026-midterms-forecast/","forecast.json + senate_forecast.json","degraded","fred_consumer_sentiment is degraded; fred_real_disposable_income is degraded","national","US","United States"
"2.1.0","2026-08-20T14:18:22+00:00","2026-08-20T14:18:22+00:00","Grant Williams","2026 Midterms Forecast v5.0.0","forecast-20260820T023557Z-8f654f15181b","2026-08-20","2026-08-20T02:35:57.669921+00:00","degraded","2026-11-03","US House Party Probability","R","13.24","percent","","","","probability of controlling the U.S. House","national","https://grantbw4.github.io/2026-midterms-forecast/","https://grantbw4.github.io/2026-midterms-forecast/","forecast.json + senate_forecast.json","degraded","fred_consumer_sentiment is degraded; fred_real_disposable_income is degraded","national","US","United States"
"2.1.0","2026-08-20T14:18:22+00:00","2026-08-20T14:18:22+00:00","Grant Williams","2026 Midterms Forecast v5.0.0","forecast-20260820T023557Z-8f654f15181b","2026-08-20","2026-08-20T02:35:57.669921+00:00","degraded","2026-11-03","US House Party Probability","Other","0","percent","","","","probability of controlling the U.S. House","national","https://grantbw4.github.io/2026-midterms-forecast/","https://grantbw4.github.io/2026-midterms-forecast/","forecast.json + senate_forecast.json","degraded","fred_consumer_sentiment is degraded; fred_real_disposable_income is degraded","national","US","United States"
"2.1.0","2026-08-20T14:18:22+00:00","2026-08-20T14:18:22+00:00","Grant Williams","2026 Midterms Forecast v5.0.0","forecast-20260820T023557Z-8f654f15181b","2026-08-20","2026-08-20T02:35:57.669921+00:00","degraded","2026-11-03","US Senate Seats by Party","D","51.49","seats","51","47","56","posterior mean caucus seats; aligned independents are included in the Democratic caucus","national","https://grantbw4.github.io/2026-midterms-forecast/","https://grantbw4.github.io/2026-midterms-forecast/","forecast.json + senate_forecast.json","degraded","fred_consumer_sentiment is degraded; fred_real_disposable_income is degraded","national","US","United States"
"2.1.0","2026-08-20T14:18:22+00:00","2026-08-20T14:18:22+00:00","Grant Williams","2026 Midterms Forecast v5.0.0","forecast-20260820T023557Z-8f654f15181b","2026-08-20","2026-08-20T02:35:57.669921+00:00","degraded","2026-11-03","US Senate Seats by Party","R","48.51","seats","49","","","posterior mean caucus seats; aligned independents are included in the Democratic caucus","national","https://grantbw4.github.io/2026-midterms-forecast/","https://grantbw4.github.io/2026-midterms-forecast/","forecast.json + senate_forecast.json","degraded","fred_consumer_sentiment is degraded; fred_real_disposable_income is degraded","national","US","United States"
"2.1.0","2026-08-20T14:18:22+00:00","2026-08-20T14:18:22+00:00","Grant Williams","2026 Midterms Forecast v5.0.0","forecast-20260820T023557Z-8f654f15181b","2026-08-20","2026-08-20T02:35:57.669921+00:00","degraded","2026-11-03","US Senate Seats by Party","Other","0","seats","0","","","posterior mean caucus seats; aligned independents are included in the Democratic caucus","national","https://grantbw4.github.io/2026-midterms-forecast/","https://grantbw4.github.io/2026-midterms-forecast/","forecast.json + senate_forecast.json","degraded","fred_consumer_sentiment is degraded; fred_real_disposable_income is degraded","national","US","United States"
"2.1.0","2026-08-20T14:18:22+00:00","2026-08-20T14:18:22+00:00","Grant Williams","2026 Midterms Forecast v5.0.0","forecast-20260820T023557Z-8f654f15181b","2026-08-20","2026-08-20T02:35:57.669921+00:00","degraded","2026-11-03","US Senate Party Probability","D","63.87","percent","","","","probability of controlling the U.S. Senate","national","https://grantbw4.github.io/2026-midterms-forecast/","https://grantbw4.github.io/2026-midterms-forecast/","forecast.json + senate_forecast.json","degraded","fred_consumer_sentiment is degraded; fred_real_disposable_income is degraded","national","US","United States"
"2.1.0","2026-08-20T14:18:22+00:00","2026-08-20T14:18:22+00:00","Grant Williams","2026 Midterms Forecast v5.0.0","forecast-20260820T023557Z-8f654f15181b","2026-08-20","2026-08-20T02:35:57.669921+00:00","degraded","2026-11-03","US Senate Party Probability","R","36.13","percent","","","","probability of controlling the U.S. Senate","national","https://grantbw4.github.io/2026-midterms-forecast/","https://grantbw4.github.io/2026-midterms-forecast/","forecast.json + senate_forecast.json","degraded","fred_consumer_sentiment is degraded; fred_real_disposable_income is degraded","national","US","United States"
"2.1.0","2026-08-20T14:18:22+00:00","2026-08-20T14:18:22+00:00","Grant Williams","2026 Midterms Forecast v5.0.0","forecast-20260820T023557Z-8f654f15181b","2026-08-20","2026-08-20T02:35:57.669921+00:00","degraded","2026-11-03","US Senate Party Probability","Other","0","percent","","","","probability of controlling the U.S. Senate","national","https://grantbw4.github.io/2026-midterms-forecast/","https://grantbw4.github.io/2026-midterms-forecast/","forecast.json + senate_forecast.json","degraded","fred_consumer_sentiment is degraded; fred_real_disposable_income is degraded","national","US","United States"
"2.1.0","2026-08-20T14:18:22+00:00","2026-08-20T14:18:22+00:00","Grant Williams","2026 Midterms Forecast v5.0.0","forecast-20260820T023557Z-8f654f15181b","2026-08-20","2026-08-20T02:35:57.669921+00:00","degraded","2026-11-03","US House Popular Vote Projection","D","52.839","percent","","51.0535","54.613","Democratic two-party election-day House popular-vote margin","national","https://grantbw4.github.io/2026-midterms-forecast/","https://grantbw4.github.io/2026-midterms-forecast/","forecast.json + senate_forecast.json","degraded","fred_consumer_sentiment is degraded; fred_real_disposable_income is degraded","national","US","United States"
"2.1.0","2026-08-20T14:18:22+00:00","2026-08-20T14:18:22+00:00","Grant Williams","2026 Midterms Forecast v5.0.0","forecast-20260820T023557Z-8f654f15181b","2026-08-20","2026-08-20T02:35:57.669921+00:00","degraded","2026-11-03","US House Popular Vote Projection","R","47.161","percent","","","","Democratic two-party election-day House popular-vote margin","national","https://grantbw4.github.io/2026-midterms-forecast/","https://grantbw4.github.io/2026-midterms-forecast/","forecast.json + senate_forecast.json","degraded","fred_consumer_sentiment is degraded; fred_real_disposable_income is degraded","national","US","United States"
"2.1.0","2026-08-20T14:18:22+00:00","2026-08-20T14:18:22+00:00","Grant Williams","2026 Midterms Forecast v5.0.0","forecast-20260820T023557Z-8f654f15181b","2026-08-20","2026-08-20T02:35:57.669921+00:00","degraded","2026-11-03","US House Popular Vote Projection","Other","0","percent","","","","Democratic two-party election-day House popular-vote margin","national","https://grantbw4.github.io/2026-midterms-forecast/","https://grantbw4.github.io/2026-midterms-forecast/","forecast.json + senate_forecast.json","degraded","fred_consumer_sentiment is degraded; fred_real_disposable_income is degraded","national","US","United States"
"2.1.0","2026-08-20T14:18:22+00:00","2026-08-20T14:18:22+00:00","Grant Williams","2026 Midterms Forecast v5.0.0","forecast-20260820T023557Z-8f654f15181b","2026-08-20","2026-08-20T02:35:57.669921+00:00","degraded","2026-11-03","US House Popular Vote Margin","D-R","5.678","percentage_points","","","","Democratic two-party election-day House popular-vote margin","national","https://grantbw4.github.io/2026-midterms-forecast/","https://grantbw4.github.io/2026-midterms-forecast/","forecast.json + senate_forecast.json","degraded","fred_consumer_sentiment is degraded; fred_real_disposable_income is degraded","national","US","United States"
"2.1.0","2026-08-21T13:35:26+00:00","2026-08-21T13:35:26+00:00","Election StatSheet","Mac Tan 2026 Bayesian Congressional Forecast","ess-2026-08-21-58e2ef152eb6af0b","2026-08-21","","published","2026-11-03","US House Seats by Party","D","222.6928","seats","","199","255","posterior mean expected seats","national","https://github.com/thisismactan/US-2026/tree/main/output","https://www.electionstatsheet.com/house","house_forecast_timeline.csv + senate_forecast_timeline.csv","","Control 'Other' is residual probability not assigned to a D or R majority/control outcome.","national","US","United States"
"2.1.0","2026-08-21T13:35:26+00:00","2026-08-21T13:35:26+00:00","Election StatSheet","Mac Tan 2026 Bayesian Congressional Forecast","ess-2026-08-21-58e2ef152eb6af0b","2026-08-21","","published","2026-11-03","US House Seats by Party","R","212.3072","seats","","","","posterior mean expected seats","national","https://github.com/thisismactan/US-2026/tree/main/output","https://www.electionstatsheet.com/house","house_forecast_timeline.csv + senate_forecast_timeline.csv","","Control 'Other' is residual probability not assigned to a D or R majority/control outcome.","national","US","United States"
"2.1.0","2026-08-21T13:35:26+00:00","2026-08-21T13:35:26+00:00","Election StatSheet","Mac Tan 2026 Bayesian Congressional Forecast","ess-2026-08-21-58e2ef152eb6af0b","2026-08-21","","published","2026-11-03","US House Seats by Party","Other","0","seats","","","","posterior mean expected seats","national","https://github.com/thisismactan/US-2026/tree/main/output","https://www.electionstatsheet.com/house","house_forecast_timeline.csv + senate_forecast_timeline.csv","","Control 'Other' is residual probability not assigned to a D or R majority/control outcome.","national","US","United States"
"2.1.0","2026-08-21T13:35:26+00:00","2026-08-21T13:35:26+00:00","Election StatSheet","Mac Tan 2026 Bayesian Congressional Forecast","ess-2026-08-21-58e2ef152eb6af0b","2026-08-21","","published","2026-11-03","US House Party Probability","D","57.21","percent","","","","probability of controlling the U.S. House","national","https://github.com/thisismactan/US-2026/tree/main/output","https://www.electionstatsheet.com/house","house_forecast_timeline.csv + senate_forecast_timeline.csv","","Control 'Other' is residual probability not assigned to a D or R majority/control outcome.","national","US","United States"
"2.1.0","2026-08-21T13:35:26+00:00","2026-08-21T13:35:26+00:00","Election StatSheet","Mac Tan 2026 Bayesian Congressional Forecast","ess-2026-08-21-58e2ef152eb6af0b","2026-08-21","","published","2026-11-03","US House Party Probability","R","42.79","percent","","","","probability of controlling the U.S. House","national","https://github.com/thisismactan/US-2026/tree/main/output","https://www.electionstatsheet.com/house","house_forecast_timeline.csv + senate_forecast_timeline.csv","","Control 'Other' is residual probability not assigned to a D or R majority/control outcome.","national","US","United States"
"2.1.0","2026-08-21T13:35:26+00:00","2026-08-21T13:35:26+00:00","Election StatSheet","Mac Tan 2026 Bayesian Congressional Forecast","ess-2026-08-21-58e2ef152eb6af0b","2026-08-21","","published","2026-11-03","US House Party Probability","Other","0","percent","","","","probability of controlling the U.S. House","national","https://github.com/thisismactan/US-2026/tree/main/output","https://www.electionstatsheet.com/house","house_forecast_timeline.csv + senate_forecast_timeline.csv","","Control 'Other' is residual probability not assigned to a D or R majority/control outcome.","national","US","United States"
"2.1.0","2026-08-21T13:35:26+00:00","2026-08-21T13:35:26+00:00","Election StatSheet","Mac Tan 2026 Bayesian Congressional Forecast","ess-2026-08-21-58e2ef152eb6af0b","2026-08-21","","published","2026-11-03","US Senate Seats by Party","D","48.7749","seats","","44","53","posterior mean seats; independents separate where modeled","national","https://github.com/thisismactan/US-2026/tree/main/output","https://www.electionstatsheet.com/senate","house_forecast_timeline.csv + senate_forecast_timeline.csv","","Control 'Other' is residual probability not assigned to a D or R majority/control outcome.","national","US","United States"
"2.1.0","2026-08-21T13:35:26+00:00","2026-08-21T13:35:26+00:00","Election StatSheet","Mac Tan 2026 Bayesian Congressional Forecast","ess-2026-08-21-58e2ef152eb6af0b","2026-08-21","","published","2026-11-03","US Senate Seats by Party","R","51.1384","seats","","","","posterior mean seats; independents separate where modeled","national","https://github.com/thisismactan/US-2026/tree/main/output","https://www.electionstatsheet.com/senate","house_forecast_timeline.csv + senate_forecast_timeline.csv","","Control 'Other' is residual probability not assigned to a D or R majority/control outcome.","national","US","United States"
"2.1.0","2026-08-21T13:35:26+00:00","2026-08-21T13:35:26+00:00","Election StatSheet","Mac Tan 2026 Bayesian Congressional Forecast","ess-2026-08-21-58e2ef152eb6af0b","2026-08-21","","published","2026-11-03","US Senate Seats by Party","Other","0.0867","seats","","","","posterior mean seats; independents separate where modeled","national","https://github.com/thisismactan/US-2026/tree/main/output","https://www.electionstatsheet.com/senate","house_forecast_timeline.csv + senate_forecast_timeline.csv","","Control 'Other' is residual probability not assigned to a D or R majority/control outcome.","national","US","United States"
"2.1.0","2026-08-21T13:35:26+00:00","2026-08-21T13:35:26+00:00","Election StatSheet","Mac Tan 2026 Bayesian Congressional Forecast","ess-2026-08-21-58e2ef152eb6af0b","2026-08-21","","published","2026-11-03","US Senate Party Probability","D","27.81","percent","","","","probability of controlling the U.S. Senate","national","https://github.com/thisismactan/US-2026/tree/main/output","https://www.electionstatsheet.com/senate","house_forecast_timeline.csv + senate_forecast_timeline.csv","","Control 'Other' is residual probability not assigned to a D or R majority/control outcome.","national","US","United States"
"2.1.0","2026-08-21T13:35:26+00:00","2026-08-21T13:35:26+00:00","Election StatSheet","Mac Tan 2026 Bayesian Congressional Forecast","ess-2026-08-21-58e2ef152eb6af0b","2026-08-21","","published","2026-11-03","US Senate Party Probability","R","71.13","percent","","","","probability of controlling the U.S. Senate","national","https://github.com/thisismactan/US-2026/tree/main/output","https://www.electionstatsheet.com/senate","house_forecast_timeline.csv + senate_forecast_timeline.csv","","Control 'Other' is residual probability not assigned to a D or R majority/control outcome.","national","US","United States"
"2.1.0","2026-08-21T13:35:26+00:00","2026-08-21T13:35:26+00:00","Election StatSheet","Mac Tan 2026 Bayesian Congressional Forecast","ess-2026-08-21-58e2ef152eb6af0b","2026-08-21","","published","2026-11-03","US Senate Party Probability","Other","1.06","percent","","","","probability of controlling the U.S. Senate","national","https://github.com/thisismactan/US-2026/tree/main/output","https://www.electionstatsheet.com/senate","house_forecast_timeline.csv + senate_forecast_timeline.csv","","Control 'Other' is residual probability not assigned to a D or R majority/control outcome.","national","US","United States"
"2.1.0","2026-08-21T13:35:26+00:00","2026-08-21T13:35:26+00:00","Election StatSheet","Mac Tan 2026 Bayesian Congressional Forecast","ess-2026-08-21-58e2ef152eb6af0b","2026-08-21","","published","2026-11-03","US House Popular Vote Projection","D","53.42442","percent","","48.42947","58.448058","two-party House popular vote posterior mean","national","https://github.com/thisismactan/US-2026/tree/main/output","https://www.electionstatsheet.com/house","house_forecast_timeline.csv + senate_forecast_timeline.csv","","Control 'Other' is residual probability not assigned to a D or R majority/control outcome.","national","US","United States"
"2.1.0","2026-08-21T13:35:26+00:00","2026-08-21T13:35:26+00:00","Election StatSheet","Mac Tan 2026 Bayesian Congressional Forecast","ess-2026-08-21-58e2ef152eb6af0b","2026-08-21","","published","2026-11-03","US House Popular Vote Projection","R","46.57558","percent","","","","two-party House popular vote posterior mean","national","https://github.com/thisismactan/US-2026/tree/main/output","https://www.electionstatsheet.com/house","house_forecast_timeline.csv + senate_forecast_timeline.csv","","Control 'Other' is residual probability not assigned to a D or R majority/control outcome.","national","US","United States"
"2.1.0","2026-08-21T13:35:26+00:00","2026-08-21T13:35:26+00:00","Election StatSheet","Mac Tan 2026 Bayesian Congressional Forecast","ess-2026-08-21-58e2ef152eb6af0b","2026-08-21","","published","2026-11-03","US House Popular Vote Projection","Other","0","percent","","","","two-party House popular vote posterior mean","national","https://github.com/thisismactan/US-2026/tree/main/output","https://www.electionstatsheet.com/house","house_forecast_timeline.csv + senate_forecast_timeline.csv","","Control 'Other' is residual probability not assigned to a D or R majority/control outcome.","national","US","United States"
"2.1.0","2026-08-21T13:35:26+00:00","2026-08-21T13:35:26+00:00","Election StatSheet","Mac Tan 2026 Bayesian Congressional Forecast","ess-2026-08-21-58e2ef152eb6af0b","2026-08-21","","published","2026-11-03","US House Popular Vote Margin","D-R","6.84884","percentage_points","","","","two-party House popular vote posterior mean","national","https://github.com/thisismactan/US-2026/tree/main/output","https://www.electionstatsheet.com/house","house_forecast_timeline.csv + senate_forecast_timeline.csv","","Control 'Other' is residual probability not assigned to a D or R majority/control outcome.","national","US","United States"
"2.1.0","2026-08-21T13:35:26+00:00","2026-08-21T13:35:26+00:00","Grant Williams","2026 Midterms Forecast v5.0.0","forecast-20260821T024252Z-63d44bbbdd78","2026-08-21","2026-08-21T02:42:52.956312+00:00","degraded","2026-11-03","US House Seats by Party","D","250.35","seats","245","206","314","posterior mean expected seats","national","https://grantbw4.github.io/2026-midterms-forecast/","https://grantbw4.github.io/2026-midterms-forecast/","forecast.json + senate_forecast.json","degraded","fred_consumer_sentiment is degraded; fred_real_disposable_income is degraded","national","US","United States"
"2.1.0","2026-08-21T13:35:26+00:00","2026-08-21T13:35:26+00:00","Grant Williams","2026 Midterms Forecast v5.0.0","forecast-20260821T024252Z-63d44bbbdd78","2026-08-21","2026-08-21T02:42:52.956312+00:00","degraded","2026-11-03","US House Seats by Party","R","184.65","seats","190","","","posterior mean expected seats","national","https://grantbw4.github.io/2026-midterms-forecast/","https://grantbw4.github.io/2026-midterms-forecast/","forecast.json + senate_forecast.json","degraded","fred_consumer_sentiment is degraded; fred_real_disposable_income is degraded","national","US","United States"
"2.1.0","2026-08-21T13:35:26+00:00","2026-08-21T13:35:26+00:00","Grant Williams","2026 Midterms Forecast v5.0.0","forecast-20260821T024252Z-63d44bbbdd78","2026-08-21","2026-08-21T02:42:52.956312+00:00","degraded","2026-11-03","US House Seats by Party","Other","0","seats","0","","","posterior mean expected seats","national","https://grantbw4.github.io/2026-midterms-forecast/","https://grantbw4.github.io/2026-midterms-forecast/","forecast.json + senate_forecast.json","degraded","fred_consumer_sentiment is degraded; fred_real_disposable_income is degraded","national","US","United States"
"2.1.0","2026-08-21T13:35:26+00:00","2026-08-21T13:35:26+00:00","Grant Williams","2026 Midterms Forecast v5.0.0","forecast-20260821T024252Z-63d44bbbdd78","2026-08-21","2026-08-21T02:42:52.956312+00:00","degraded","2026-11-03","US House Party Probability","D","86.65","percent","","","","probability of controlling the U.S. House","national","https://grantbw4.github.io/2026-midterms-forecast/","https://grantbw4.github.io/2026-midterms-forecast/","forecast.json + senate_forecast.json","degraded","fred_consumer_sentiment is degraded; fred_real_disposable_income is degraded","national","US","United States"
"2.1.0","2026-08-21T13:35:26+00:00","2026-08-21T13:35:26+00:00","Grant Williams","2026 Midterms Forecast v5.0.0","forecast-20260821T024252Z-63d44bbbdd78","2026-08-21","2026-08-21T02:42:52.956312+00:00","degraded","2026-11-03","US House Party Probability","R","13.35","percent","","","","probability of controlling the U.S. House","national","https://grantbw4.github.io/2026-midterms-forecast/","https://grantbw4.github.io/2026-midterms-forecast/","forecast.json + senate_forecast.json","degraded","fred_consumer_sentiment is degraded; fred_real_disposable_income is degraded","national","US","United States"
"2.1.0","2026-08-21T13:35:26+00:00","2026-08-21T13:35:26+00:00","Grant Williams","2026 Midterms Forecast v5.0.0","forecast-20260821T024252Z-63d44bbbdd78","2026-08-21","2026-08-21T02:42:52.956312+00:00","degraded","2026-11-03","US House Party Probability","Other","0","percent","","","","probability of controlling the U.S. House","national","https://grantbw4.github.io/2026-midterms-forecast/","https://grantbw4.github.io/2026-midterms-forecast/","forecast.json + senate_forecast.json","degraded","fred_consumer_sentiment is degraded; fred_real_disposable_income is degraded","national","US","United States"
"2.1.0","2026-08-21T13:35:26+00:00","2026-08-21T13:35:26+00:00","Grant Williams","2026 Midterms Forecast v5.0.0","forecast-20260821T024252Z-63d44bbbdd78","2026-08-21","2026-08-21T02:42:52.956312+00:00","degraded","2026-11-03","US Senate Seats by Party","D","51.38","seats","51","47","56","posterior mean caucus seats; aligned independents are included in the Democratic caucus","national","https://grantbw4.github.io/2026-midterms-forecast/","https://grantbw4.github.io/2026-midterms-forecast/","forecast.json + senate_forecast.json","degraded","fred_consumer_sentiment is degraded; fred_real_disposable_income is degraded","national","US","United States"
"2.1.0","2026-08-21T13:35:26+00:00","2026-08-21T13:35:26+00:00","Grant Williams","2026 Midterms Forecast v5.0.0","forecast-20260821T024252Z-63d44bbbdd78","2026-08-21","2026-08-21T02:42:52.956312+00:00","degraded","2026-11-03","US Senate Seats by Party","R","48.62","seats","49","","","posterior mean caucus seats; aligned independents are included in the Democratic caucus","national","https://grantbw4.github.io/2026-midterms-forecast/","https://grantbw4.github.io/2026-midterms-forecast/","forecast.json + senate_forecast.json","degraded","fred_consumer_sentiment is degraded; fred_real_disposable_income is degraded","national","US","United States"
"2.1.0","2026-08-21T13:35:26+00:00","2026-08-21T13:35:26+00:00","Grant Williams","2026 Midterms Forecast v5.0.0","forecast-20260821T024252Z-63d44bbbdd78","2026-08-21","2026-08-21T02:42:52.956312+00:00","degraded","2026-11-03","US Senate Seats by Party","Other","0","seats","0","","","posterior mean caucus seats; aligned independents are included in the Democratic caucus","national","https://grantbw4.github.io/2026-midterms-forecast/","https://grantbw4.github.io/2026-midterms-forecast/","forecast.json + senate_forecast.json","degraded","fred_consumer_sentiment is degraded; fred_real_disposable_income is degraded","national","US","United States"
"2.1.0","2026-08-21T13:35:26+00:00","2026-08-21T13:35:26+00:00","Grant Williams","2026 Midterms Forecast v5.0.0","forecast-20260821T024252Z-63d44bbbdd78","2026-08-21","2026-08-21T02:42:52.956312+00:00","degraded","2026-11-03","US Senate Party Probability","D","62.22","percent","","","","probability of controlling the U.S. Senate","national","https://grantbw4.github.io/2026-midterms-forecast/","https://grantbw4.github.io/2026-midterms-forecast/","forecast.json + senate_forecast.json","degraded","fred_consumer_sentiment is degraded; fred_real_disposable_income is degraded","national","US","United States"
"2.1.0","2026-08-21T13:35:26+00:00","2026-08-21T13:35:26+00:00","Grant Williams","2026 Midterms Forecast v5.0.0","forecast-20260821T024252Z-63d44bbbdd78","2026-08-21","2026-08-21T02:42:52.956312+00:00","degraded","2026-11-03","US Senate Party Probability","R","37.78","percent","","","","probability of controlling the U.S. Senate","national","https://grantbw4.github.io/2026-midterms-forecast/","https://grantbw4.github.io/2026-midterms-forecast/","forecast.json + senate_forecast.json","degraded","fred_consumer_sentiment is degraded; fred_real_disposable_income is degraded","national","US","United States"
"2.1.0","2026-08-21T13:35:26+00:00","2026-08-21T13:35:26+00:00","Grant Williams","2026 Midterms Forecast v5.0.0","forecast-20260821T024252Z-63d44bbbdd78","2026-08-21","2026-08-21T02:42:52.956312+00:00","degraded","2026-11-03","US Senate Party Probability","Other","0","percent","","","","probability of controlling the U.S. Senate","national","https://grantbw4.github.io/2026-midterms-forecast/","https://grantbw4.github.io/2026-midterms-forecast/","forecast.json + senate_forecast.json","degraded","fred_consumer_sentiment is degraded; fred_real_disposable_income is degraded","national","US","United States"
"2.1.0","2026-08-21T13:35:26+00:00","2026-08-21T13:35:26+00:00","Grant Williams","2026 Midterms Forecast v5.0.0","forecast-20260821T024252Z-63d44bbbdd78","2026-08-21","2026-08-21T02:42:52.956312+00:00","degraded","2026-11-03","US House Popular Vote Projection","D","52.8415","percent","","51.056","54.6155","Democratic two-party election-day House popular-vote margin","national","https://grantbw4.github.io/2026-midterms-forecast/","https://grantbw4.github.io/2026-midterms-forecast/","forecast.json + senate_forecast.json","degraded","fred_consumer_sentiment is degraded; fred_real_disposable_income is degraded","national","US","United States"
"2.1.0","2026-08-21T13:35:26+00:00","2026-08-21T13:35:26+00:00","Grant Williams","2026 Midterms Forecast v5.0.0","forecast-20260821T024252Z-63d44bbbdd78","2026-08-21","2026-08-21T02:42:52.956312+00:00","degraded","2026-11-03","US House Popular Vote Projection","R","47.1585","percent","","","","Democratic two-party election-day House popular-vote margin","national","https://grantbw4.github.io/2026-midterms-forecast/","https://grantbw4.github.io/2026-midterms-forecast/","forecast.json + senate_forecast.json","degraded","fred_consumer_sentiment is degraded; fred_real_disposable_income is degraded","national","US","United States"
"2.1.0","2026-08-21T13:35:26+00:00","2026-08-21T13:35:26+00:00","Grant Williams","2026 Midterms Forecast v5.0.0","forecast-20260821T024252Z-63d44bbbdd78","2026-08-21","2026-08-21T02:42:52.956312+00:00","degraded","2026-11-03","US House Popular Vote Projection","Other","0","percent","","","","Democratic two-party election-day House popular-vote margin","national","https://grantbw4.github.io/2026-midterms-forecast/","https://grantbw4.github.io/2026-midterms-forecast/","forecast.json + senate_forecast.json","degraded","fred_consumer_sentiment is degraded; fred_real_disposable_income is degraded","national","US","United States"
"2.1.0","2026-08-21T13:35:26+00:00","2026-08-21T13:35:26+00:00","Grant Williams","2026 Midterms Forecast v5.0.0","forecast-20260821T024252Z-63d44bbbdd78","2026-08-21","2026-08-21T02:42:52.956312+00:00","degraded","2026-11-03","US House Popular Vote Margin","D-R","5.683","percentage_points","","","","Democratic two-party election-day House popular-vote margin","national","https://grantbw4.github.io/2026-midterms-forecast/","https://grantbw4.github.io/2026-midterms-forecast/","forecast.json + senate_forecast.json","degraded","fred_consumer_sentiment is degraded; fred_real_disposable_income is degraded","national","US","United States"
"2.1.0","2026-08-21T13:35:26+00:00","2026-08-21T13:35:26+00:00","Race to the WH","Race to the WH 2026 Congressional Forecast","race-to-the-wh-2026-04-22-28d53fc5de723bec970a","","2026-04-22T02:44:25+00:00","published_partial","2026-11-03","US House Seats by Party","D","230.946909","seats","","","","Projected Seats Won +0.7 Seats for Democrats Seats: Dem 231.0 - GOP 204.1 Projected Seats Won +0.7 Seats for Democrats Seats: Dem 231.0 - GOP 204.1","national","https://www.racetothewh.com/house","https://www.racetothewh.com/house","House and Senate public Infogram embeds","partial semantic parse of public Infogram data tables","house_embed=https://e.infogram.com/cf74856e-8d17-40f6-b10d-3d23a3ee3cff?src=embed&embed_type=responsive_iframe; senate_embed=https://e.infogram.com/_/vs9b6iAeARko8cuwH51x?src=embed&embed_type=responsive_iframe; house_tables=1140; senate_tables=358; partial_sections=House district forecasts: 414/435 readable | Senate race forecasts: 10/35 readable","national","US","United States"
"2.1.0","2026-08-21T13:35:26+00:00","2026-08-21T13:35:26+00:00","Race to the WH","Race to the WH 2026 Congressional Forecast","race-to-the-wh-2026-04-22-28d53fc5de723bec970a","","2026-04-22T02:44:25+00:00","published_partial","2026-11-03","US House Seats by Party","R","204.053091","seats","","","","Projected Seats Won +0.7 Seats for Democrats Seats: Dem 231.0 - GOP 204.1 Projected Seats Won +0.7 Seats for Democrats Seats: Dem 231.0 - GOP 204.1","national","https://www.racetothewh.com/house","https://www.racetothewh.com/house","House and Senate public Infogram embeds","partial semantic parse of public Infogram data tables","house_embed=https://e.infogram.com/cf74856e-8d17-40f6-b10d-3d23a3ee3cff?src=embed&embed_type=responsive_iframe; senate_embed=https://e.infogram.com/_/vs9b6iAeARko8cuwH51x?src=embed&embed_type=responsive_iframe; house_tables=1140; senate_tables=358; partial_sections=House district forecasts: 414/435 readable | Senate race forecasts: 10/35 readable","national","US","United States"
"2.1.0","2026-08-21T13:35:26+00:00","2026-08-21T13:35:26+00:00","Race to the WH","Race to the WH 2026 Congressional Forecast","race-to-the-wh-2026-04-22-28d53fc5de723bec970a","","2026-04-22T02:44:25+00:00","published_partial","2026-11-03","US House Seats by Party","Other","0","seats","","","","Projected Seats Won +0.7 Seats for Democrats Seats: Dem 231.0 - GOP 204.1 Projected Seats Won +0.7 Seats for Democrats Seats: Dem 231.0 - GOP 204.1","national","https://www.racetothewh.com/house","https://www.racetothewh.com/house","House and Senate public Infogram embeds","partial semantic parse of public Infogram data tables","house_embed=https://e.infogram.com/cf74856e-8d17-40f6-b10d-3d23a3ee3cff?src=embed&embed_type=responsive_iframe; senate_embed=https://e.infogram.com/_/vs9b6iAeARko8cuwH51x?src=embed&embed_type=responsive_iframe; house_tables=1140; senate_tables=358; partial_sections=House district forecasts: 414/435 readable | Senate race forecasts: 10/35 readable","national","US","United States"
"2.1.0","2026-08-21T13:35:26+00:00","2026-08-21T13:35:26+00:00","Race to the WH","Race to the WH 2026 Congressional Forecast","race-to-the-wh-2026-04-22-28d53fc5de723bec970a","","2026-04-22T02:44:25+00:00","published_partial","2026-11-03","US House Party Probability","D","76.3","percent","","","","probability of controlling the U.S. House","national","https://www.racetothewh.com/house","https://www.racetothewh.com/house","House and Senate public Infogram embeds","partial semantic parse of public Infogram data tables","house_embed=https://e.infogram.com/cf74856e-8d17-40f6-b10d-3d23a3ee3cff?src=embed&embed_type=responsive_iframe; senate_embed=https://e.infogram.com/_/vs9b6iAeARko8cuwH51x?src=embed&embed_type=responsive_iframe; house_tables=1140; senate_tables=358; partial_sections=House district forecasts: 414/435 readable | Senate race forecasts: 10/35 readable","national","US","United States"
"2.1.0","2026-08-21T13:35:26+00:00","2026-08-21T13:35:26+00:00","Race to the WH","Race to the WH 2026 Congressional Forecast","race-to-the-wh-2026-04-22-28d53fc5de723bec970a","","2026-04-22T02:44:25+00:00","published_partial","2026-11-03","US House Party Probability","R","23.7","percent","","","","probability of controlling the U.S. House","national","https://www.racetothewh.com/house","https://www.racetothewh.com/house","House and Senate public Infogram embeds","partial semantic parse of public Infogram data tables","house_embed=https://e.infogram.com/cf74856e-8d17-40f6-b10d-3d23a3ee3cff?src=embed&embed_type=responsive_iframe; senate_embed=https://e.infogram.com/_/vs9b6iAeARko8cuwH51x?src=embed&embed_type=responsive_iframe; house_tables=1140; senate_tables=358; partial_sections=House district forecasts: 414/435 readable | Senate race forecasts: 10/35 readable","national","US","United States"
"2.1.0","2026-08-21T13:35:26+00:00","2026-08-21T13:35:26+00:00","Race to the WH","Race to the WH 2026 Congressional Forecast","race-to-the-wh-2026-04-22-28d53fc5de723bec970a","","2026-04-22T02:44:25+00:00","published_partial","2026-11-03","US House Party Probability","Other","0","percent","","","","probability of controlling the U.S. House","national","https://www.racetothewh.com/house","https://www.racetothewh.com/house","House and Senate public Infogram embeds","partial semantic parse of public Infogram data tables","house_embed=https://e.infogram.com/cf74856e-8d17-40f6-b10d-3d23a3ee3cff?src=embed&embed_type=responsive_iframe; senate_embed=https://e.infogram.com/_/vs9b6iAeARko8cuwH51x?src=embed&embed_type=responsive_iframe; house_tables=1140; senate_tables=358; partial_sections=House district forecasts: 414/435 readable | Senate race forecasts: 10/35 readable","national","US","United States"
"2.1.0","2026-08-21T13:35:26+00:00","2026-08-21T13:35:26+00:00","Race to the WH","Race to the WH 2026 Congressional Forecast","race-to-the-wh-2026-04-22-28d53fc5de723bec970a","","2026-04-22T02:44:25+00:00","published_partial","2026-11-03","US House Popular Vote Projection","D","52","percent","","","","Race to the WH adjusted two-party national House vote projection; uncontested districts are imputed by the provider","national","https://www.racetothewh.com/house","https://www.racetothewh.com/house","House and Senate public Infogram embeds","partial semantic parse of public Infogram data tables","house_embed=https://e.infogram.com/cf74856e-8d17-40f6-b10d-3d23a3ee3cff?src=embed&embed_type=responsive_iframe; senate_embed=https://e.infogram.com/_/vs9b6iAeARko8cuwH51x?src=embed&embed_type=responsive_iframe; house_tables=1140; senate_tables=358; partial_sections=House district forecasts: 414/435 readable | Senate race forecasts: 10/35 readable","national","US","United States"
"2.1.0","2026-08-21T13:35:26+00:00","2026-08-21T13:35:26+00:00","Race to the WH","Race to the WH 2026 Congressional Forecast","race-to-the-wh-2026-04-22-28d53fc5de723bec970a","","2026-04-22T02:44:25+00:00","published_partial","2026-11-03","US House Popular Vote Projection","R","48","percent","","","","Race to the WH adjusted two-party national House vote projection; uncontested districts are imputed by the provider","national","https://www.racetothewh.com/house","https://www.racetothewh.com/house","House and Senate public Infogram embeds","partial semantic parse of public Infogram data tables","house_embed=https://e.infogram.com/cf74856e-8d17-40f6-b10d-3d23a3ee3cff?src=embed&embed_type=responsive_iframe; senate_embed=https://e.infogram.com/_/vs9b6iAeARko8cuwH51x?src=embed&embed_type=responsive_iframe; house_tables=1140; senate_tables=358; partial_sections=House district forecasts: 414/435 readable | Senate race forecasts: 10/35 readable","national","US","United States"
"2.1.0","2026-08-21T13:35:26+00:00","2026-08-21T13:35:26+00:00","Race to the WH","Race to the WH 2026 Congressional Forecast","race-to-the-wh-2026-04-22-28d53fc5de723bec970a","","2026-04-22T02:44:25+00:00","published_partial","2026-11-03","US House Popular Vote Projection","Other","0","percent","","","","Race to the WH adjusted two-party national House vote projection; uncontested districts are imputed by the provider","national","https://www.racetothewh.com/house","https://www.racetothewh.com/house","House and Senate public Infogram embeds","partial semantic parse of public Infogram data tables","house_embed=https://e.infogram.com/cf74856e-8d17-40f6-b10d-3d23a3ee3cff?src=embed&embed_type=responsive_iframe; senate_embed=https://e.infogram.com/_/vs9b6iAeARko8cuwH51x?src=embed&embed_type=responsive_iframe; house_tables=1140; senate_tables=358; partial_sections=House district forecasts: 414/435 readable | Senate race forecasts: 10/35 readable","national","US","United States"
"2.1.0","2026-08-21T13:35:26+00:00","2026-08-21T13:35:26+00:00","Race to the WH","Race to the WH 2026 Congressional Forecast","race-to-the-wh-2026-04-22-28d53fc5de723bec970a","","2026-04-22T02:44:25+00:00","published_partial","2026-11-03","US House Popular Vote Margin","D-R","4","percentage_points","","","","Race to the WH adjusted two-party national House vote projection; uncontested districts are imputed by the provider","national","https://www.racetothewh.com/house","https://www.racetothewh.com/house","House and Senate public Infogram embeds","partial semantic parse of public Infogram data tables","house_embed=https://e.infogram.com/cf74856e-8d17-40f6-b10d-3d23a3ee3cff?src=embed&embed_type=responsive_iframe; senate_embed=https://e.infogram.com/_/vs9b6iAeARko8cuwH51x?src=embed&embed_type=responsive_iframe; house_tables=1140; senate_tables=358; partial_sections=House district forecasts: 414/435 readable | Senate race forecasts: 10/35 readable","national","US","United States"
"2.1.0","2026-08-22T17:16:04+00:00","2026-08-22T17:16:04+00:00","ElectIndex","ElectIndex 2026 U.S. Election Forecast","electindex-2026-08-22-dd2fc4361e326295","2026-08-22","","published","2026-11-03","US House Seats by Party","D","237.4","seats","","","","published mean expected seats (avg_dem_seats / avg_gop_seats)","national","https://github.com/ElectIndex/26_us_forecast_data/tree/main/output","https://electindex.com/forecasts/","chambers.csv + national_indicators.csv","","ElectIndex publishes only Democratic chamber-control probability in chambers.csv; Republican control is stored as the binary complement. Published projected Democratic seats: House=231; Senate=50.","national","US","United States"
"2.1.0","2026-08-22T17:16:04+00:00","2026-08-22T17:16:04+00:00","ElectIndex","ElectIndex 2026 U.S. Election Forecast","electindex-2026-08-22-dd2fc4361e326295","2026-08-22","","published","2026-11-03","US House Seats by Party","R","197.6","seats","","","","published mean expected seats (avg_dem_seats / avg_gop_seats)","national","https://github.com/ElectIndex/26_us_forecast_data/tree/main/output","https://electindex.com/forecasts/","chambers.csv + national_indicators.csv","","ElectIndex publishes only Democratic chamber-control probability in chambers.csv; Republican control is stored as the binary complement. Published projected Democratic seats: House=231; Senate=50.","national","US","United States"
"2.1.0","2026-08-22T17:16:04+00:00","2026-08-22T17:16:04+00:00","ElectIndex","ElectIndex 2026 U.S. Election Forecast","electindex-2026-08-22-dd2fc4361e326295","2026-08-22","","published","2026-11-03","US House Seats by Party","Other","0.0","seats","","","","published mean expected seats (avg_dem_seats / avg_gop_seats)","national","https://github.com/ElectIndex/26_us_forecast_data/tree/main/output","https://electindex.com/forecasts/","chambers.csv + national_indicators.csv","","ElectIndex publishes only Democratic chamber-control probability in chambers.csv; Republican control is stored as the binary complement. Published projected Democratic seats: House=231; Senate=50.","national","US","United States"
"2.1.0","2026-08-22T17:16:04+00:00","2026-08-22T17:16:04+00:00","ElectIndex","ElectIndex 2026 U.S. Election Forecast","electindex-2026-08-22-dd2fc4361e326295","2026-08-22","","published","2026-11-03","US House Party Probability","D","69.9","percent","","","","probability of controlling the U.S. House","national","https://github.com/ElectIndex/26_us_forecast_data/tree/main/output","https://electindex.com/forecasts/","chambers.csv + national_indicators.csv","","ElectIndex publishes only Democratic chamber-control probability in chambers.csv; Republican control is stored as the binary complement. Published projected Democratic seats: House=231; Senate=50.","national","US","United States"
"2.1.0","2026-08-22T17:16:04+00:00","2026-08-22T17:16:04+00:00","ElectIndex","ElectIndex 2026 U.S. Election Forecast","electindex-2026-08-22-dd2fc4361e326295","2026-08-22","","published","2026-11-03","US House Party Probability","R","30.1","percent","","","","probability of controlling the U.S. House","national","https://github.com/ElectIndex/26_us_forecast_data/tree/main/output","https://electindex.com/forecasts/","chambers.csv + national_indicators.csv","","ElectIndex publishes only Democratic chamber-control probability in chambers.csv; Republican control is stored as the binary complement. Published projected Democratic seats: House=231; Senate=50.","national","US","United States"
"2.1.0","2026-08-22T17:16:04+00:00","2026-08-22T17:16:04+00:00","ElectIndex","ElectIndex 2026 U.S. Election Forecast","electindex-2026-08-22-dd2fc4361e326295","2026-08-22","","published","2026-11-03","US House Party Probability","Other","0.0","percent","","","","probability of controlling the U.S. House","national","https://github.com/ElectIndex/26_us_forecast_data/tree/main/output","https://electindex.com/forecasts/","chambers.csv + national_indicators.csv","","ElectIndex publishes only Democratic chamber-control probability in chambers.csv; Republican control is stored as the binary complement. Published projected Democratic seats: House=231; Senate=50.","national","US","United States"
"2.1.0","2026-08-22T17:16:04+00:00","2026-08-22T17:16:04+00:00","ElectIndex","ElectIndex 2026 U.S. Election Forecast","electindex-2026-08-22-dd2fc4361e326295","2026-08-22","","published","2026-11-03","US Senate Seats by Party","D","50.2","seats","","","","published mean expected seats (avg_dem_seats / avg_gop_seats)","national","https://github.com/ElectIndex/26_us_forecast_data/tree/main/output","https://electindex.com/forecasts/","chambers.csv + national_indicators.csv","","ElectIndex publishes only Democratic chamber-control probability in chambers.csv; Republican control is stored as the binary complement. Published projected Democratic seats: House=231; Senate=50.","national","US","United States"
"2.1.0","2026-08-22T17:16:04+00:00","2026-08-22T17:16:04+00:00","ElectIndex","ElectIndex 2026 U.S. Election Forecast","electindex-2026-08-22-dd2fc4361e326295","2026-08-22","","published","2026-11-03","US Senate Seats by Party","R","49.8","seats","","","","published mean expected seats (avg_dem_seats / avg_gop_seats)","national","https://github.com/ElectIndex/26_us_forecast_data/tree/main/output","https://electindex.com/forecasts/","chambers.csv + national_indicators.csv","","ElectIndex publishes only Democratic chamber-control probability in chambers.csv; Republican control is stored as the binary complement. Published projected Democratic seats: House=231; Senate=50.","national","US","United States"
"2.1.0","2026-08-22T17:16:04+00:00","2026-08-22T17:16:04+00:00","ElectIndex","ElectIndex 2026 U.S. Election Forecast","electindex-2026-08-22-dd2fc4361e326295","2026-08-22","","published","2026-11-03","US Senate Seats by Party","Other","0.0","seats","","","","published mean expected seats (avg_dem_seats / avg_gop_seats)","national","https://github.com/ElectIndex/26_us_forecast_data/tree/main/output","https://electindex.com/forecasts/","chambers.csv + national_indicators.csv","","ElectIndex publishes only Democratic chamber-control probability in chambers.csv; Republican control is stored as the binary complement. Published projected Democratic seats: House=231; Senate=50.","national","US","United States"
"2.1.0","2026-08-22T17:16:04+00:00","2026-08-22T17:16:04+00:00","ElectIndex","ElectIndex 2026 U.S. Election Forecast","electindex-2026-08-22-dd2fc4361e326295","2026-08-22","","published","2026-11-03","US Senate Party Probability","D","47.6","percent","","","","probability of controlling the U.S. Senate","national","https://github.com/ElectIndex/26_us_forecast_data/tree/main/output","https://electindex.com/forecasts/","chambers.csv + national_indicators.csv","","ElectIndex publishes only Democratic chamber-control probability in chambers.csv; Republican control is stored as the binary complement. Published projected Democratic seats: House=231; Senate=50.","national","US","United States"
"2.1.0","2026-08-22T17:16:04+00:00","2026-08-22T17:16:04+00:00","ElectIndex","ElectIndex 2026 U.S. Election Forecast","electindex-2026-08-22-dd2fc4361e326295","2026-08-22","","published","2026-11-03","US Senate Party Probability","R","52.4","percent","","","","probability of controlling the U.S. Senate","national","https://github.com/ElectIndex/26_us_forecast_data/tree/main/output","https://electindex.com/forecasts/","chambers.csv + national_indicators.csv","","ElectIndex publishes only Democratic chamber-control probability in chambers.csv; Republican control is stored as the binary complement. Published projected Democratic seats: House=231; Senate=50.","national","US","United States"
"2.1.0","2026-08-22T17:16:04+00:00","2026-08-22T17:16:04+00:00","ElectIndex","ElectIndex 2026 U.S. Election Forecast","electindex-2026-08-22-dd2fc4361e326295","2026-08-22","","published","2026-11-03","US Senate Party Probability","Other","0.0","percent","","","","probability of controlling the U.S. Senate","national","https://github.com/ElectIndex/26_us_forecast_data/tree/main/output","https://electindex.com/forecasts/","chambers.csv + national_indicators.csv","","ElectIndex publishes only Democratic chamber-control probability in chambers.csv; Republican control is stored as the binary complement. Published projected Democratic seats: House=231; Senate=50.","national","US","United States"
"2.1.0","2026-08-22T17:16:04+00:00","2026-08-22T17:16:04+00:00","ElectIndex","ElectIndex 2026 U.S. Election Forecast","electindex-2026-08-22-dd2fc4361e326295","2026-08-22","","published","2026-11-03","US House Popular Vote Projection","D","53.526771","percent","","","","all-party projected national House vote counts","national","https://github.com/ElectIndex/26_us_forecast_data/tree/main/output","https://electindex.com/forecasts/","chambers.csv + national_indicators.csv","","ElectIndex publishes only Democratic chamber-control probability in chambers.csv; Republican control is stored as the binary complement. Published projected Democratic seats: House=231; Senate=50.","national","US","United States"
"2.1.0","2026-08-22T17:16:04+00:00","2026-08-22T17:16:04+00:00","ElectIndex","ElectIndex 2026 U.S. Election Forecast","electindex-2026-08-22-dd2fc4361e326295","2026-08-22","","published","2026-11-03","US House Popular Vote Projection","R","46.287004","percent","","","","all-party projected national House vote counts","national","https://github.com/ElectIndex/26_us_forecast_data/tree/main/output","https://electindex.com/forecasts/","chambers.csv + national_indicators.csv","","ElectIndex publishes only Democratic chamber-control probability in chambers.csv; Republican control is stored as the binary complement. Published projected Democratic seats: House=231; Senate=50.","national","US","United States"
"2.1.0","2026-08-22T17:16:04+00:00","2026-08-22T17:16:04+00:00","ElectIndex","ElectIndex 2026 U.S. Election Forecast","electindex-2026-08-22-dd2fc4361e326295","2026-08-22","","published","2026-11-03","US House Popular Vote Projection","Other","0.186225","percent","","","","all-party projected national House vote counts","national","https://github.com/ElectIndex/26_us_forecast_data/tree/main/output","https://electindex.com/forecasts/","chambers.csv + national_indicators.csv","","ElectIndex publishes only Democratic chamber-control probability in chambers.csv; Republican control is stored as the binary complement. Published projected Democratic seats: House=231; Senate=50.","national","US","United States"
"2.1.0","2026-08-22T17:16:04+00:00","2026-08-22T17:16:04+00:00","ElectIndex","ElectIndex 2026 U.S. Election Forecast","electindex-2026-08-22-dd2fc4361e326295","2026-08-22","","published","2026-11-03","US House Popular Vote Margin","D-R","7.25","percentage_points","","","","all-party projected national House vote counts","national","https://github.com/ElectIndex/26_us_forecast_data/tree/main/output","https://electindex.com/forecasts/","chambers.csv + national_indicators.csv","","ElectIndex publishes only Democratic chamber-control probability in chambers.csv; Republican control is stored as the binary complement. Published projected Democratic seats: House=231; Senate=50.","national","US","United States"
"2.1.0","2026-08-22T17:16:04+00:00","2026-08-22T17:16:04+00:00","Election StatSheet","Mac Tan 2026 Bayesian Congressional Forecast","ess-2026-08-22-882d67448776dd2d","2026-08-22","","published","2026-11-03","US House Seats by Party","D","222.5491","seats","","198.0","255.0","posterior mean expected seats","national","https://github.com/thisismactan/US-2026/tree/main/output","https://www.electionstatsheet.com/house","house_forecast_timeline.csv + senate_forecast_timeline.csv","","Control 'Other' is residual probability not assigned to a D or R majority/control outcome.","national","US","United States"
"2.1.0","2026-08-22T17:16:04+00:00","2026-08-22T17:16:04+00:00","Election StatSheet","Mac Tan 2026 Bayesian Congressional Forecast","ess-2026-08-22-882d67448776dd2d","2026-08-22","","published","2026-11-03","US House Seats by Party","R","212.4509","seats","","","","posterior mean expected seats","national","https://github.com/thisismactan/US-2026/tree/main/output","https://www.electionstatsheet.com/house","house_forecast_timeline.csv + senate_forecast_timeline.csv","","Control 'Other' is residual probability not assigned to a D or R majority/control outcome.","national","US","United States"
"2.1.0","2026-08-22T17:16:04+00:00","2026-08-22T17:16:04+00:00","Election StatSheet","Mac Tan 2026 Bayesian Congressional Forecast","ess-2026-08-22-882d67448776dd2d","2026-08-22","","published","2026-11-03","US House Seats by Party","Other","0.0","seats","","","","posterior mean expected seats","national","https://github.com/thisismactan/US-2026/tree/main/output","https://www.electionstatsheet.com/house","house_forecast_timeline.csv + senate_forecast_timeline.csv","","Control 'Other' is residual probability not assigned to a D or R majority/control outcome.","national","US","United States"
"2.1.0","2026-08-22T17:16:04+00:00","2026-08-22T17:16:04+00:00","Election StatSheet","Mac Tan 2026 Bayesian Congressional Forecast","ess-2026-08-22-882d67448776dd2d","2026-08-22","","published","2026-11-03","US House Party Probability","D","56.44","percent","","","","probability of controlling the U.S. House","national","https://github.com/thisismactan/US-2026/tree/main/output","https://www.electionstatsheet.com/house","house_forecast_timeline.csv + senate_forecast_timeline.csv","","Control 'Other' is residual probability not assigned to a D or R majority/control outcome.","national","US","United States"
"2.1.0","2026-08-22T17:16:04+00:00","2026-08-22T17:16:04+00:00","Election StatSheet","Mac Tan 2026 Bayesian Congressional Forecast","ess-2026-08-22-882d67448776dd2d","2026-08-22","","published","2026-11-03","US House Party Probability","R","43.56","percent","","","","probability of controlling the U.S. House","national","https://github.com/thisismactan/US-2026/tree/main/output","https://www.electionstatsheet.com/house","house_forecast_timeline.csv + senate_forecast_timeline.csv","","Control 'Other' is residual probability not assigned to a D or R majority/control outcome.","national","US","United States"
"2.1.0","2026-08-22T17:16:04+00:00","2026-08-22T17:16:04+00:00","Election StatSheet","Mac Tan 2026 Bayesian Congressional Forecast","ess-2026-08-22-882d67448776dd2d","2026-08-22","","published","2026-11-03","US House Party Probability","Other","0.0","percent","","","","probability of controlling the U.S. House","national","https://github.com/thisismactan/US-2026/tree/main/output","https://www.electionstatsheet.com/house","house_forecast_timeline.csv + senate_forecast_timeline.csv","","Control 'Other' is residual probability not assigned to a D or R majority/control outcome.","national","US","United States"
"2.1.0","2026-08-22T17:16:04+00:00","2026-08-22T17:16:04+00:00","Election StatSheet","Mac Tan 2026 Bayesian Congressional Forecast","ess-2026-08-22-882d67448776dd2d","2026-08-22","","published","2026-11-03","US Senate Seats by Party","D","48.7854","seats","","44.0","53.0","posterior mean seats; independents separate where modeled","national","https://github.com/thisismactan/US-2026/tree/main/output","https://www.electionstatsheet.com/senate","house_forecast_timeline.csv + senate_forecast_timeline.csv","","Control 'Other' is residual probability not assigned to a D or R majority/control outcome.","national","US","United States"
"2.1.0","2026-08-22T17:16:04+00:00","2026-08-22T17:16:04+00:00","Election StatSheet","Mac Tan 2026 Bayesian Congressional Forecast","ess-2026-08-22-882d67448776dd2d","2026-08-22","","published","2026-11-03","US Senate Seats by Party","R","51.1247","seats","","","","posterior mean seats; independents separate where modeled","national","https://github.com/thisismactan/US-2026/tree/main/output","https://www.electionstatsheet.com/senate","house_forecast_timeline.csv + senate_forecast_timeline.csv","","Control 'Other' is residual probability not assigned to a D or R majority/control outcome.","national","US","United States"
"2.1.0","2026-08-22T17:16:04+00:00","2026-08-22T17:16:04+00:00","Election StatSheet","Mac Tan 2026 Bayesian Congressional Forecast","ess-2026-08-22-882d67448776dd2d","2026-08-22","","published","2026-11-03","US Senate Seats by Party","Other","0.0899","seats","","","","posterior mean seats; independents separate where modeled","national","https://github.com/thisismactan/US-2026/tree/main/output","https://www.electionstatsheet.com/senate","house_forecast_timeline.csv + senate_forecast_timeline.csv","","Control 'Other' is residual probability not assigned to a D or R majority/control outcome.","national","US","United States"
"2.1.0","2026-08-22T17:16:04+00:00","2026-08-22T17:16:04+00:00","Election StatSheet","Mac Tan 2026 Bayesian Congressional Forecast","ess-2026-08-22-882d67448776dd2d","2026-08-22","","published","2026-11-03","US Senate Party Probability","D","28.36","percent","","","","probability of controlling the U.S. Senate","national","https://github.com/thisismactan/US-2026/tree/main/output","https://www.electionstatsheet.com/senate","house_forecast_timeline.csv + senate_forecast_timeline.csv","","Control 'Other' is residual probability not assigned to a D or R majority/control outcome.","national","US","United States"
"2.1.0","2026-08-22T17:16:04+00:00","2026-08-22T17:16:04+00:00","Election StatSheet","Mac Tan 2026 Bayesian Congressional Forecast","ess-2026-08-22-882d67448776dd2d","2026-08-22","","published","2026-11-03","US Senate Party Probability","R","70.36","percent","","","","probability of controlling the U.S. Senate","national","https://github.com/thisismactan/US-2026/tree/main/output","https://www.electionstatsheet.com/senate","house_forecast_timeline.csv + senate_forecast_timeline.csv","","Control 'Other' is residual probability not assigned to a D or R majority/control outcome.","national","US","United States"
"2.1.0","2026-08-22T17:16:04+00:00","2026-08-22T17:16:04+00:00","Election StatSheet","Mac Tan 2026 Bayesian Congressional Forecast","ess-2026-08-22-882d67448776dd2d","2026-08-22","","published","2026-11-03","US Senate Party Probability","Other","1.28","percent","","","","probability of controlling the U.S. Senate","national","https://github.com/thisismactan/US-2026/tree/main/output","https://www.electionstatsheet.com/senate","house_forecast_timeline.csv + senate_forecast_timeline.csv","","Control 'Other' is residual probability not assigned to a D or R majority/control outcome.","national","US","United States"
"2.1.0","2026-08-22T17:16:04+00:00","2026-08-22T17:16:04+00:00","Election StatSheet","Mac Tan 2026 Bayesian Congressional Forecast","ess-2026-08-22-882d67448776dd2d","2026-08-22","","published","2026-11-03","US House Popular Vote Projection","D","53.394152","percent","","48.423361","58.359063","two-party House popular vote posterior mean","national","https://github.com/thisismactan/US-2026/tree/main/output","https://www.electionstatsheet.com/house","house_forecast_timeline.csv + senate_forecast_timeline.csv","","Control 'Other' is residual probability not assigned to a D or R majority/control outcome.","national","US","United States"
"2.1.0","2026-08-22T17:16:04+00:00","2026-08-22T17:16:04+00:00","Election StatSheet","Mac Tan 2026 Bayesian Congressional Forecast","ess-2026-08-22-882d67448776dd2d","2026-08-22","","published","2026-11-03","US House Popular Vote Projection","R","46.605848","percent","","","","two-party House popular vote posterior mean","national","https://github.com/thisismactan/US-2026/tree/main/output","https://www.electionstatsheet.com/house","house_forecast_timeline.csv + senate_forecast_timeline.csv","","Control 'Other' is residual probability not assigned to a D or R majority/control outcome.","national","US","United States"
"2.1.0","2026-08-22T17:16:04+00:00","2026-08-22T17:16:04+00:00","Election StatSheet","Mac Tan 2026 Bayesian Congressional Forecast","ess-2026-08-22-882d67448776dd2d","2026-08-22","","published","2026-11-03","US House Popular Vote Projection","Other","0.0","percent","","","","two-party House popular vote posterior mean","national","https://github.com/thisismactan/US-2026/tree/main/output","https://www.electionstatsheet.com/house","house_forecast_timeline.csv + senate_forecast_timeline.csv","","Control 'Other' is residual probability not assigned to a D or R majority/control outcome.","national","US","United States"
"2.1.0","2026-08-22T17:16:04+00:00","2026-08-22T17:16:04+00:00","Election StatSheet","Mac Tan 2026 Bayesian Congressional Forecast","ess-2026-08-22-882d67448776dd2d","2026-08-22","","published","2026-11-03","US House Popular Vote Margin","D-R","6.788304","percentage_points","","","","two-party House popular vote posterior mean","national","https://github.com/thisismactan/US-2026/tree/main/output","https://www.electionstatsheet.com/house","house_forecast_timeline.csv + senate_forecast_timeline.csv","","Control 'Other' is residual probability not assigned to a D or R majority/control outcome.","national","US","United States"
"2.1.0","2026-08-22T17:16:04+00:00","2026-08-22T17:16:04+00:00","Grant Williams","2026 Midterms Forecast v5.0.0","forecast-20260822T023340Z-7b3ee342fa89","2026-08-22","2026-08-22T02:33:40.769910+00:00","degraded","2026-11-03","US House Seats by Party","D","250.37","seats","245.0","206.0","314.0","posterior mean expected seats","national","https://grantbw4.github.io/2026-midterms-forecast/","https://grantbw4.github.io/2026-midterms-forecast/","forecast.json + senate_forecast.json","degraded","fred_consumer_sentiment is degraded; fred_real_disposable_income is degraded","national","US","United States"
"2.1.0","2026-08-22T17:16:04+00:00","2026-08-22T17:16:04+00:00","Grant Williams","2026 Midterms Forecast v5.0.0","forecast-20260822T023340Z-7b3ee342fa89","2026-08-22","2026-08-22T02:33:40.769910+00:00","degraded","2026-11-03","US House Seats by Party","R","184.63","seats","190.0","","","posterior mean expected seats","national","https://grantbw4.github.io/2026-midterms-forecast/","https://grantbw4.github.io/2026-midterms-forecast/","forecast.json + senate_forecast.json","degraded","fred_consumer_sentiment is degraded; fred_real_disposable_income is degraded","national","US","United States"
"2.1.0","2026-08-22T17:16:04+00:00","2026-08-22T17:16:04+00:00","Grant Williams","2026 Midterms Forecast v5.0.0","forecast-20260822T023340Z-7b3ee342fa89","2026-08-22","2026-08-22T02:33:40.769910+00:00","degraded","2026-11-03","US House Seats by Party","Other","0.0","seats","0.0","","","posterior mean expected seats","national","https://grantbw4.github.io/2026-midterms-forecast/","https://grantbw4.github.io/2026-midterms-forecast/","forecast.json + senate_forecast.json","degraded","fred_consumer_sentiment is degraded; fred_real_disposable_income is degraded","national","US","United States"
"2.1.0","2026-08-22T17:16:04+00:00","2026-08-22T17:16:04+00:00","Grant Williams","2026 Midterms Forecast v5.0.0","forecast-20260822T023340Z-7b3ee342fa89","2026-08-22","2026-08-22T02:33:40.769910+00:00","degraded","2026-11-03","US House Party Probability","D","86.65","percent","","","","probability of controlling the U.S. House","national","https://grantbw4.github.io/2026-midterms-forecast/","https://grantbw4.github.io/2026-midterms-forecast/","forecast.json + senate_forecast.json","degraded","fred_consumer_sentiment is degraded; fred_real_disposable_income is degraded","national","US","United States"
"2.1.0","2026-08-22T17:16:04+00:00","2026-08-22T17:16:04+00:00","Grant Williams","2026 Midterms Forecast v5.0.0","forecast-20260822T023340Z-7b3ee342fa89","2026-08-22","2026-08-22T02:33:40.769910+00:00","degraded","2026-11-03","US House Party Probability","R","13.35","percent","","","","probability of controlling the U.S. House","national","https://grantbw4.github.io/2026-midterms-forecast/","https://grantbw4.github.io/2026-midterms-forecast/","forecast.json + senate_forecast.json","degraded","fred_consumer_sentiment is degraded; fred_real_disposable_income is degraded","national","US","United States"
"2.1.0","2026-08-22T17:16:04+00:00","2026-08-22T17:16:04+00:00","Grant Williams","2026 Midterms Forecast v5.0.0","forecast-20260822T023340Z-7b3ee342fa89","2026-08-22","2026-08-22T02:33:40.769910+00:00","degraded","2026-11-03","US House Party Probability","Other","0.0","percent","","","","probability of controlling the U.S. House","national","https://grantbw4.github.io/2026-midterms-forecast/","https://grantbw4.github.io/2026-midterms-forecast/","forecast.json + senate_forecast.json","degraded","fred_consumer_sentiment is degraded; fred_real_disposable_income is degraded","national","US","United States"
"2.1.0","2026-08-22T17:16:04+00:00","2026-08-22T17:16:04+00:00","Grant Williams","2026 Midterms Forecast v5.0.0","forecast-20260822T023340Z-7b3ee342fa89","2026-08-22","2026-08-22T02:33:40.769910+00:00","degraded","2026-11-03","US Senate Seats by Party","D","51.38","seats","51.0","47.0","56.0","posterior mean caucus seats; aligned independents are included in the Democratic caucus","national","https://grantbw4.github.io/2026-midterms-forecast/","https://grantbw4.github.io/2026-midterms-forecast/","forecast.json + senate_forecast.json","degraded","fred_consumer_sentiment is degraded; fred_real_disposable_income is degraded","national","US","United States"
"2.1.0","2026-08-22T17:16:04+00:00","2026-08-22T17:16:04+00:00","Grant Williams","2026 Midterms Forecast v5.0.0","forecast-20260822T023340Z-7b3ee342fa89","2026-08-22","2026-08-22T02:33:40.769910+00:00","degraded","2026-11-03","US Senate Seats by Party","R","48.62","seats","49.0","","","posterior mean caucus seats; aligned independents are included in the Democratic caucus","national","https://grantbw4.github.io/2026-midterms-forecast/","https://grantbw4.github.io/2026-midterms-forecast/","forecast.json + senate_forecast.json","degraded","fred_consumer_sentiment is degraded; fred_real_disposable_income is degraded","national","US","United States"
"2.1.0","2026-08-22T17:16:04+00:00","2026-08-22T17:16:04+00:00","Grant Williams","2026 Midterms Forecast v5.0.0","forecast-20260822T023340Z-7b3ee342fa89","2026-08-22","2026-08-22T02:33:40.769910+00:00","degraded","2026-11-03","US Senate Seats by Party","Other","0.0","seats","0.0","","","posterior mean caucus seats; aligned independents are included in the Democratic caucus","national","https://grantbw4.github.io/2026-midterms-forecast/","https://grantbw4.github.io/2026-midterms-forecast/","forecast.json + senate_forecast.json","degraded","fred_consumer_sentiment is degraded; fred_real_disposable_income is degraded","national","US","United States"
"2.1.0","2026-08-22T17:16:04+00:00","2026-08-22T17:16:04+00:00","Grant Williams","2026 Midterms Forecast v5.0.0","forecast-20260822T023340Z-7b3ee342fa89","2026-08-22","2026-08-22T02:33:40.769910+00:00","degraded","2026-11-03","US Senate Party Probability","D","62.3","percent","","","","probability of controlling the U.S. Senate","national","https://grantbw4.github.io/2026-midterms-forecast/","https://grantbw4.github.io/2026-midterms-forecast/","forecast.json + senate_forecast.json","degraded","fred_consumer_sentiment is degraded; fred_real_disposable_income is degraded","national","US","United States"
"2.1.0","2026-08-22T17:16:04+00:00","2026-08-22T17:16:04+00:00","Grant Williams","2026 Midterms Forecast v5.0.0","forecast-20260822T023340Z-7b3ee342fa89","2026-08-22","2026-08-22T02:33:40.769910+00:00","degraded","2026-11-03","US Senate Party Probability","R","37.7","percent","","","","probability of controlling the U.S. Senate","national","https://grantbw4.github.io/2026-midterms-forecast/","https://grantbw4.github.io/2026-midterms-forecast/","forecast.json + senate_forecast.json","degraded","fred_consumer_sentiment is degraded; fred_real_disposable_income is degraded","national","US","United States"
"2.1.0","2026-08-22T17:16:04+00:00","2026-08-22T17:16:04+00:00","Grant Williams","2026 Midterms Forecast v5.0.0","forecast-20260822T023340Z-7b3ee342fa89","2026-08-22","2026-08-22T02:33:40.769910+00:00","degraded","2026-11-03","US Senate Party Probability","Other","0.0","percent","","","","probability of controlling the U.S. Senate","national","https://grantbw4.github.io/2026-midterms-forecast/","https://grantbw4.github.io/2026-midterms-forecast/","forecast.json + senate_forecast.json","degraded","fred_consumer_sentiment is degraded; fred_real_disposable_income is degraded","national","US","United States"
"2.1.0","2026-08-22T17:16:04+00:00","2026-08-22T17:16:04+00:00","Grant Williams","2026 Midterms Forecast v5.0.0","forecast-20260822T023340Z-7b3ee342fa89","2026-08-22","2026-08-22T02:33:40.769910+00:00","degraded","2026-11-03","US House Popular Vote Projection","D","52.843","percent","","51.057","54.617","Democratic two-party election-day House popular-vote margin","national","https://grantbw4.github.io/2026-midterms-forecast/","https://grantbw4.github.io/2026-midterms-forecast/","forecast.json + senate_forecast.json","degraded","fred_consumer_sentiment is degraded; fred_real_disposable_income is degraded","national","US","United States"
"2.1.0","2026-08-22T17:16:04+00:00","2026-08-22T17:16:04+00:00","Grant Williams","2026 Midterms Forecast v5.0.0","forecast-20260822T023340Z-7b3ee342fa89","2026-08-22","2026-08-22T02:33:40.769910+00:00","degraded","2026-11-03","US House Popular Vote Projection","R","47.157","percent","","","","Democratic two-party election-day House popular-vote margin","national","https://grantbw4.github.io/2026-midterms-forecast/","https://grantbw4.github.io/2026-midterms-forecast/","forecast.json + senate_forecast.json","degraded","fred_consumer_sentiment is degraded; fred_real_disposable_income is degraded","national","US","United States"
"2.1.0","2026-08-22T17:16:04+00:00","2026-08-22T17:16:04+00:00","Grant Williams","2026 Midterms Forecast v5.0.0","forecast-20260822T023340Z-7b3ee342fa89","2026-08-22","2026-08-22T02:33:40.769910+00:00","degraded","2026-11-03","US House Popular Vote Projection","Other","0.0","percent","","","","Democratic two-party election-day House popular-vote margin","national","https://grantbw4.github.io/2026-midterms-forecast/","https://grantbw4.github.io/2026-midterms-forecast/","forecast.json + senate_forecast.json","degraded","fred_consumer_sentiment is degraded; fred_real_disposable_income is degraded","national","US","United States"
"2.1.0","2026-08-22T17:16:04+00:00","2026-08-22T17:16:04+00:00","Grant Williams","2026 Midterms Forecast v5.0.0","forecast-20260822T023340Z-7b3ee342fa89","2026-08-22","2026-08-22T02:33:40.769910+00:00","degraded","2026-11-03","US House Popular Vote Margin","D-R","5.686","percentage_points","","","","Democratic two-party election-day House popular-vote margin","national","https://grantbw4.github.io/2026-midterms-forecast/","https://grantbw4.github.io/2026-midterms-forecast/","forecast.json + senate_forecast.json","degraded","fred_consumer_sentiment is degraded; fred_real_disposable_income is degraded","national","US","United States"
"2.1.0","2026-08-22T17:16:04+00:00","2026-08-22T17:16:04+00:00","Kalshi","Kalshi 2026 Congressional Prediction Markets","kalshi-undated-0bf2bd843b70a100","","","published_partial","2026-11-03","US House Seats by Party","D","229.642887","seats","","","","Kalshi market-implied expected seats derived from normalized Democratic and Republican mutually exclusive seat-count ladders; open tails use one adjacent bucket width and the two party expectations are reconciled to 435","national","https://kalshi.com/category/elections/midterms","https://kalshi.com/category/elections/midterms/house","Kalshi Trade API v2: CONTROLH-2026, CONTROLS-2026, KXDHOUSESEATS-27, KXDSENATESEATS-27, KXRHOUSESEATS-27, RSENATESEATS-27","published_market_odds","Live Kalshi market-implied probabilities. Seat counts and House popular vote are expected values derived from normalized mutually exclusive outcome ladders; race probabilities are not summed to manufacture chamber totals. Partial snapshot: missing national metrics: House popular vote; House district markets: 374/435 readable; Senate race markets: 34/35 readable; House legacy fallback could not fetch 61/85 missing district events (examples: HOUSEAZ01-26, HOUSEAZ02-26, HOUSEAZ06-26, HOUSECA03-26, HOUSECA04-26, ...); Senate event SENATEKY-26 unavailable: FetchError: failed to fetch https://external-api.kalshi.com/trade-api/v2/events/SENATEKY-26?with_nested_markets=true after 4 attempt(s): HTTP Error 404: Not Found","national","US","United States"
"2.1.0","2026-08-22T17:16:04+00:00","2026-08-22T17:16:04+00:00","Kalshi","Kalshi 2026 Congressional Prediction Markets","kalshi-undated-0bf2bd843b70a100","","","published_partial","2026-11-03","US House Seats by Party","R","205.357113","seats","","","","Kalshi market-implied expected seats derived from normalized Democratic and Republican mutually exclusive seat-count ladders; open tails use one adjacent bucket width and the two party expectations are reconciled to 435","national","https://kalshi.com/category/elections/midterms","https://kalshi.com/category/elections/midterms/house","Kalshi Trade API v2: CONTROLH-2026, CONTROLS-2026, KXDHOUSESEATS-27, KXDSENATESEATS-27, KXRHOUSESEATS-27, RSENATESEATS-27","published_market_odds","Live Kalshi market-implied probabilities. Seat counts and House popular vote are expected values derived from normalized mutually exclusive outcome ladders; race probabilities are not summed to manufacture chamber totals. Partial snapshot: missing national metrics: House popular vote; House district markets: 374/435 readable; Senate race markets: 34/35 readable; House legacy fallback could not fetch 61/85 missing district events (examples: HOUSEAZ01-26, HOUSEAZ02-26, HOUSEAZ06-26, HOUSECA03-26, HOUSECA04-26, ...); Senate event SENATEKY-26 unavailable: FetchError: failed to fetch https://external-api.kalshi.com/trade-api/v2/events/SENATEKY-26?with_nested_markets=true after 4 attempt(s): HTTP Error 404: Not Found","national","US","United States"
"2.1.0","2026-08-22T17:16:04+00:00","2026-08-22T17:16:04+00:00","Kalshi","Kalshi 2026 Congressional Prediction Markets","kalshi-undated-0bf2bd843b70a100","","","published_partial","2026-11-03","US House Seats by Party","Other","0.0","seats","","","","Kalshi market-implied expected seats derived from normalized Democratic and Republican mutually exclusive seat-count ladders; open tails use one adjacent bucket width and the two party expectations are reconciled to 435","national","https://kalshi.com/category/elections/midterms","https://kalshi.com/category/elections/midterms/house","Kalshi Trade API v2: CONTROLH-2026, CONTROLS-2026, KXDHOUSESEATS-27, KXDSENATESEATS-27, KXRHOUSESEATS-27, RSENATESEATS-27","published_market_odds","Live Kalshi market-implied probabilities. Seat counts and House popular vote are expected values derived from normalized mutually exclusive outcome ladders; race probabilities are not summed to manufacture chamber totals. Partial snapshot: missing national metrics: House popular vote; House district markets: 374/435 readable; Senate race markets: 34/35 readable; House legacy fallback could not fetch 61/85 missing district events (examples: HOUSEAZ01-26, HOUSEAZ02-26, HOUSEAZ06-26, HOUSECA03-26, HOUSECA04-26, ...); Senate event SENATEKY-26 unavailable: FetchError: failed to fetch https://external-api.kalshi.com/trade-api/v2/events/SENATEKY-26?with_nested_markets=true after 4 attempt(s): HTTP Error 404: Not Found","national","US","United States"
"2.1.0","2026-08-22T17:16:04+00:00","2026-08-22T17:16:04+00:00","Kalshi","Kalshi 2026 Congressional Prediction Markets","kalshi-undated-0bf2bd843b70a100","","","published_partial","2026-11-03","US House Party Probability","D","84.5","percent","","","","probability of controlling the U.S. House","national","https://kalshi.com/category/elections/midterms","https://kalshi.com/category/elections/midterms/house","Kalshi Trade API v2: CONTROLH-2026, CONTROLS-2026, KXDHOUSESEATS-27, KXDSENATESEATS-27, KXRHOUSESEATS-27, RSENATESEATS-27","published_market_odds","Live Kalshi market-implied probabilities. Seat counts and House popular vote are expected values derived from normalized mutually exclusive outcome ladders; race probabilities are not summed to manufacture chamber totals. Partial snapshot: missing national metrics: House popular vote; House district markets: 374/435 readable; Senate race markets: 34/35 readable; House legacy fallback could not fetch 61/85 missing district events (examples: HOUSEAZ01-26, HOUSEAZ02-26, HOUSEAZ06-26, HOUSECA03-26, HOUSECA04-26, ...); Senate event SENATEKY-26 unavailable: FetchError: failed to fetch https://external-api.kalshi.com/trade-api/v2/events/SENATEKY-26?with_nested_markets=true after 4 attempt(s): HTTP Error 404: Not Found","national","US","United States"
"2.1.0","2026-08-22T17:16:04+00:00","2026-08-22T17:16:04+00:00","Kalshi","Kalshi 2026 Congressional Prediction Markets","kalshi-undated-0bf2bd843b70a100","","","published_partial","2026-11-03","US House Party Probability","R","15.5","percent","","","","probability of controlling the U.S. House","national","https://kalshi.com/category/elections/midterms","https://kalshi.com/category/elections/midterms/house","Kalshi Trade API v2: CONTROLH-2026, CONTROLS-2026, KXDHOUSESEATS-27, KXDSENATESEATS-27, KXRHOUSESEATS-27, RSENATESEATS-27","published_market_odds","Live Kalshi market-implied probabilities. Seat counts and House popular vote are expected values derived from normalized mutually exclusive outcome ladders; race probabilities are not summed to manufacture chamber totals. Partial snapshot: missing national metrics: House popular vote; House district markets: 374/435 readable; Senate race markets: 34/35 readable; House legacy fallback could not fetch 61/85 missing district events (examples: HOUSEAZ01-26, HOUSEAZ02-26, HOUSEAZ06-26, HOUSECA03-26, HOUSECA04-26, ...); Senate event SENATEKY-26 unavailable: FetchError: failed to fetch https://external-api.kalshi.com/trade-api/v2/events/SENATEKY-26?with_nested_markets=true after 4 attempt(s): HTTP Error 404: Not Found","national","US","United States"
"2.1.0","2026-08-22T17:16:04+00:00","2026-08-22T17:16:04+00:00","Kalshi","Kalshi 2026 Congressional Prediction Markets","kalshi-undated-0bf2bd843b70a100","","","published_partial","2026-11-03","US House Party Probability","Other","0.0","percent","","","","probability of controlling the U.S. House","national","https://kalshi.com/category/elections/midterms","https://kalshi.com/category/elections/midterms/house","Kalshi Trade API v2: CONTROLH-2026, CONTROLS-2026, KXDHOUSESEATS-27, KXDSENATESEATS-27, KXRHOUSESEATS-27, RSENATESEATS-27","published_market_odds","Live Kalshi market-implied probabilities. Seat counts and House popular vote are expected values derived from normalized mutually exclusive outcome ladders; race probabilities are not summed to manufacture chamber totals. Partial snapshot: missing national metrics: House popular vote; House district markets: 374/435 readable; Senate race markets: 34/35 readable; House legacy fallback could not fetch 61/85 missing district events (examples: HOUSEAZ01-26, HOUSEAZ02-26, HOUSEAZ06-26, HOUSECA03-26, HOUSECA04-26, ...); Senate event SENATEKY-26 unavailable: FetchError: failed to fetch https://external-api.kalshi.com/trade-api/v2/events/SENATEKY-26?with_nested_markets=true after 4 attempt(s): HTTP Error 404: Not Found","national","US","United States"
"2.1.0","2026-08-22T17:16:04+00:00","2026-08-22T17:16:04+00:00","Kalshi","Kalshi 2026 Congressional Prediction Markets","kalshi-undated-0bf2bd843b70a100","","","published_partial","2026-11-03","US Senate Seats by Party","D","49.846744","seats","","","","Kalshi market-implied expected seats derived from normalized Democratic and Republican mutually exclusive seat-count ladders; open tails use one adjacent bucket width and the two party expectations are reconciled to 100","national","https://kalshi.com/category/elections/midterms","https://kalshi.com/category/elections/midterms","Kalshi Trade API v2: CONTROLH-2026, CONTROLS-2026, KXDHOUSESEATS-27, KXDSENATESEATS-27, KXRHOUSESEATS-27, RSENATESEATS-27","published_market_odds","Live Kalshi market-implied probabilities. Seat counts and House popular vote are expected values derived from normalized mutually exclusive outcome ladders; race probabilities are not summed to manufacture chamber totals. Partial snapshot: missing national metrics: House popular vote; House district markets: 374/435 readable; Senate race markets: 34/35 readable; House legacy fallback could not fetch 61/85 missing district events (examples: HOUSEAZ01-26, HOUSEAZ02-26, HOUSEAZ06-26, HOUSECA03-26, HOUSECA04-26, ...); Senate event SENATEKY-26 unavailable: FetchError: failed to fetch https://external-api.kalshi.com/trade-api/v2/events/SENATEKY-26?with_nested_markets=true after 4 attempt(s): HTTP Error 404: Not Found","national","US","United States"
"2.1.0","2026-08-22T17:16:04+00:00","2026-08-22T17:16:04+00:00","Kalshi","Kalshi 2026 Congressional Prediction Markets","kalshi-undated-0bf2bd843b70a100","","","published_partial","2026-11-03","US Senate Seats by Party","R","50.153256","seats","","","","Kalshi market-implied expected seats derived from normalized Democratic and Republican mutually exclusive seat-count ladders; open tails use one adjacent bucket width and the two party expectations are reconciled to 100","national","https://kalshi.com/category/elections/midterms","https://kalshi.com/category/elections/midterms","Kalshi Trade API v2: CONTROLH-2026, CONTROLS-2026, KXDHOUSESEATS-27, KXDSENATESEATS-27, KXRHOUSESEATS-27, RSENATESEATS-27","published_market_odds","Live Kalshi market-implied probabilities. Seat counts and House popular vote are expected values derived from normalized mutually exclusive outcome ladders; race probabilities are not summed to manufacture chamber totals. Partial snapshot: missing national metrics: House popular vote; House district markets: 374/435 readable; Senate race markets: 34/35 readable; House legacy fallback could not fetch 61/85 missing district events (examples: HOUSEAZ01-26, HOUSEAZ02-26, HOUSEAZ06-26, HOUSECA03-26, HOUSECA04-26, ...); Senate event SENATEKY-26 unavailable: FetchError: failed to fetch https://external-api.kalshi.com/trade-api/v2/events/SENATEKY-26?with_nested_markets=true after 4 attempt(s): HTTP Error 404: Not Found","national","US","United States"
"2.1.0","2026-08-22T17:16:04+00:00","2026-08-22T17:16:04+00:00","Kalshi","Kalshi 2026 Congressional Prediction Markets","kalshi-undated-0bf2bd843b70a100","","","published_partial","2026-11-03","US Senate Seats by Party","Other","0.0","seats","","","","Kalshi market-implied expected seats derived from normalized Democratic and Republican mutually exclusive seat-count ladders; open tails use one adjacent bucket width and the two party expectations are reconciled to 100","national","https://kalshi.com/category/elections/midterms","https://kalshi.com/category/elections/midterms","Kalshi Trade API v2: CONTROLH-2026, CONTROLS-2026, KXDHOUSESEATS-27, KXDSENATESEATS-27, KXRHOUSESEATS-27, RSENATESEATS-27","published_market_odds","Live Kalshi market-implied probabilities. Seat counts and House popular vote are expected values derived from normalized mutually exclusive outcome ladders; race probabilities are not summed to manufacture chamber totals. Partial snapshot: missing national metrics: House popular vote; House district markets: 374/435 readable; Senate race markets: 34/35 readable; House legacy fallback could not fetch 61/85 missing district events (examples: HOUSEAZ01-26, HOUSEAZ02-26, HOUSEAZ06-26, HOUSECA03-26, HOUSECA04-26, ...); Senate event SENATEKY-26 unavailable: FetchError: failed to fetch https://external-api.kalshi.com/trade-api/v2/events/SENATEKY-26?with_nested_markets=true after 4 attempt(s): HTTP Error 404: Not Found","national","US","United States"
"2.1.0","2026-08-22T17:16:04+00:00","2026-08-22T17:16:04+00:00","Kalshi","Kalshi 2026 Congressional Prediction Markets","kalshi-undated-0bf2bd843b70a100","","","published_partial","2026-11-03","US Senate Party Probability","D","46.5","percent","","","","probability of controlling the U.S. Senate","national","https://kalshi.com/category/elections/midterms","https://kalshi.com/category/elections/midterms","Kalshi Trade API v2: CONTROLH-2026, CONTROLS-2026, KXDHOUSESEATS-27, KXDSENATESEATS-27, KXRHOUSESEATS-27, RSENATESEATS-27","published_market_odds","Live Kalshi market-implied probabilities. Seat counts and House popular vote are expected values derived from normalized mutually exclusive outcome ladders; race probabilities are not summed to manufacture chamber totals. Partial snapshot: missing national metrics: House popular vote; House district markets: 374/435 readable; Senate race markets: 34/35 readable; House legacy fallback could not fetch 61/85 missing district events (examples: HOUSEAZ01-26, HOUSEAZ02-26, HOUSEAZ06-26, HOUSECA03-26, HOUSECA04-26, ...); Senate event SENATEKY-26 unavailable: FetchError: failed to fetch https://external-api.kalshi.com/trade-api/v2/events/SENATEKY-26?with_nested_markets=true after 4 attempt(s): HTTP Error 404: Not Found","national","US","United States"
"2.1.0","2026-08-22T17:16:04+00:00","2026-08-22T17:16:04+00:00","Kalshi","Kalshi 2026 Congressional Prediction Markets","kalshi-undated-0bf2bd843b70a100","","","published_partial","2026-11-03","US Senate Party Probability","R","53.5","percent","","","","probability of controlling the U.S. Senate","national","https://kalshi.com/category/elections/midterms","https://kalshi.com/category/elections/midterms","Kalshi Trade API v2: CONTROLH-2026, CONTROLS-2026, KXDHOUSESEATS-27, KXDSENATESEATS-27, KXRHOUSESEATS-27, RSENATESEATS-27","published_market_odds","Live Kalshi market-implied probabilities. Seat counts and House popular vote are expected values derived from normalized mutually exclusive outcome ladders; race probabilities are not summed to manufacture chamber totals. Partial snapshot: missing national metrics: House popular vote; House district markets: 374/435 readable; Senate race markets: 34/35 readable; House legacy fallback could not fetch 61/85 missing district events (examples: HOUSEAZ01-26, HOUSEAZ02-26, HOUSEAZ06-26, HOUSECA03-26, HOUSECA04-26, ...); Senate event SENATEKY-26 unavailable: FetchError: failed to fetch https://external-api.kalshi.com/trade-api/v2/events/SENATEKY-26?with_nested_markets=true after 4 attempt(s): HTTP Error 404: Not Found","national","US","United States"
"2.1.0","2026-08-22T17:16:04+00:00","2026-08-22T17:16:04+00:00","Kalshi","Kalshi 2026 Congressional Prediction Markets","kalshi-undated-0bf2bd843b70a100","","","published_partial","2026-11-03","US Senate Party Probability","Other","0.0","percent","","","","probability of controlling the U.S. Senate","national","https://kalshi.com/category/elections/midterms","https://kalshi.com/category/elections/midterms","Kalshi Trade API v2: CONTROLH-2026, CONTROLS-2026, KXDHOUSESEATS-27, KXDSENATESEATS-27, KXRHOUSESEATS-27, RSENATESEATS-27","published_market_odds","Live Kalshi market-implied probabilities. Seat counts and House popular vote are expected values derived from normalized mutually exclusive outcome ladders; race probabilities are not summed to manufacture chamber totals. Partial snapshot: missing national metrics: House popular vote; House district markets: 374/435 readable; Senate race markets: 34/35 readable; House legacy fallback could not fetch 61/85 missing district events (examples: HOUSEAZ01-26, HOUSEAZ02-26, HOUSEAZ06-26, HOUSECA03-26, HOUSECA04-26, ...); Senate event SENATEKY-26 unavailable: FetchError: failed to fetch https://external-api.kalshi.com/trade-api/v2/events/SENATEKY-26?with_nested_markets=true after 4 attempt(s): HTTP Error 404: Not Found","national","US","United States"
"2.1.0","2026-08-22T17:16:04+00:00","2026-08-22T17:16:04+00:00","Race to the WH","Race to the WH 2026 Congressional Forecast","race-to-the-wh-undated-a2867b577092336740f6","","2026-04-22T02:44:25+00:00","published_partial","2026-11-03","US House Seats by Party","D","230.946909","seats","","","","Projected Seats Won +1.6 Seats for Democrats Seats: Dem 231.0 - GOP 204.1 Projected Seats Won +1.6 Seats for Democrats Seats: Dem 231.0 - GOP 204.1","national","https://www.racetothewh.com/house","https://www.racetothewh.com/house","House and Senate public Infogram embeds","partial semantic parse of public Infogram data tables","house_embed=https://e.infogram.com/cf74856e-8d17-40f6-b10d-3d23a3ee3cff?src=embed&embed_type=responsive_iframe; senate_embed=https://e.infogram.com/_/vs9b6iAeARko8cuwH51x?src=embed&embed_type=responsive_iframe; house_tables=1140; senate_tables=358; rtwh_senate_seats=unavailable; rtwh_senate_control=unavailable; partial_sections=missing national metrics: Senate seat projection, Senate control probability | House district forecasts: 414/435 readable | Senate race forecasts: 10/35 readable","national","US","United States"
"2.1.0","2026-08-22T17:16:04+00:00","2026-08-22T17:16:04+00:00","Race to the WH","Race to the WH 2026 Congressional Forecast","race-to-the-wh-undated-a2867b577092336740f6","","2026-04-22T02:44:25+00:00","published_partial","2026-11-03","US House Seats by Party","R","204.053091","seats","","","","Projected Seats Won +1.6 Seats for Democrats Seats: Dem 231.0 - GOP 204.1 Projected Seats Won +1.6 Seats for Democrats Seats: Dem 231.0 - GOP 204.1","national","https://www.racetothewh.com/house","https://www.racetothewh.com/house","House and Senate public Infogram embeds","partial semantic parse of public Infogram data tables","house_embed=https://e.infogram.com/cf74856e-8d17-40f6-b10d-3d23a3ee3cff?src=embed&embed_type=responsive_iframe; senate_embed=https://e.infogram.com/_/vs9b6iAeARko8cuwH51x?src=embed&embed_type=responsive_iframe; house_tables=1140; senate_tables=358; rtwh_senate_seats=unavailable; rtwh_senate_control=unavailable; partial_sections=missing national metrics: Senate seat projection, Senate control probability | House district forecasts: 414/435 readable | Senate race forecasts: 10/35 readable","national","US","United States"
"2.1.0","2026-08-22T17:16:04+00:00","2026-08-22T17:16:04+00:00","Race to the WH","Race to the WH 2026 Congressional Forecast","race-to-the-wh-undated-a2867b577092336740f6","","2026-04-22T02:44:25+00:00","published_partial","2026-11-03","US House Seats by Party","Other","0.0","seats","","","","Projected Seats Won +1.6 Seats for Democrats Seats: Dem 231.0 - GOP 204.1 Projected Seats Won +1.6 Seats for Democrats Seats: Dem 231.0 - GOP 204.1","national","https://www.racetothewh.com/house","https://www.racetothewh.com/house","House and Senate public Infogram embeds","partial semantic parse of public Infogram data tables","house_embed=https://e.infogram.com/cf74856e-8d17-40f6-b10d-3d23a3ee3cff?src=embed&embed_type=responsive_iframe; senate_embed=https://e.infogram.com/_/vs9b6iAeARko8cuwH51x?src=embed&embed_type=responsive_iframe; house_tables=1140; senate_tables=358; rtwh_senate_seats=unavailable; rtwh_senate_control=unavailable; partial_sections=missing national metrics: Senate seat projection, Senate control probability | House district forecasts: 414/435 readable | Senate race forecasts: 10/35 readable","national","US","United States"
"2.1.0","2026-08-22T17:16:04+00:00","2026-08-22T17:16:04+00:00","Race to the WH","Race to the WH 2026 Congressional Forecast","race-to-the-wh-undated-a2867b577092336740f6","","2026-04-22T02:44:25+00:00","published_partial","2026-11-03","US House Party Probability","D","76.3","percent","","","","probability of controlling the U.S. House","national","https://www.racetothewh.com/house","https://www.racetothewh.com/house","House and Senate public Infogram embeds","partial semantic parse of public Infogram data tables","house_embed=https://e.infogram.com/cf74856e-8d17-40f6-b10d-3d23a3ee3cff?src=embed&embed_type=responsive_iframe; senate_embed=https://e.infogram.com/_/vs9b6iAeARko8cuwH51x?src=embed&embed_type=responsive_iframe; house_tables=1140; senate_tables=358; rtwh_senate_seats=unavailable; rtwh_senate_control=unavailable; partial_sections=missing national metrics: Senate seat projection, Senate control probability | House district forecasts: 414/435 readable | Senate race forecasts: 10/35 readable","national","US","United States"
"2.1.0","2026-08-22T17:16:04+00:00","2026-08-22T17:16:04+00:00","Race to the WH","Race to the WH 2026 Congressional Forecast","race-to-the-wh-undated-a2867b577092336740f6","","2026-04-22T02:44:25+00:00","published_partial","2026-11-03","US House Party Probability","R","23.7","percent","","","","probability of controlling the U.S. House","national","https://www.racetothewh.com/house","https://www.racetothewh.com/house","House and Senate public Infogram embeds","partial semantic parse of public Infogram data tables","house_embed=https://e.infogram.com/cf74856e-8d17-40f6-b10d-3d23a3ee3cff?src=embed&embed_type=responsive_iframe; senate_embed=https://e.infogram.com/_/vs9b6iAeARko8cuwH51x?src=embed&embed_type=responsive_iframe; house_tables=1140; senate_tables=358; rtwh_senate_seats=unavailable; rtwh_senate_control=unavailable; partial_sections=missing national metrics: Senate seat projection, Senate control probability | House district forecasts: 414/435 readable | Senate race forecasts: 10/35 readable","national","US","United States"
"2.1.0","2026-08-22T17:16:04+00:00","2026-08-22T17:16:04+00:00","Race to the WH","Race to the WH 2026 Congressional Forecast","race-to-the-wh-undated-a2867b577092336740f6","","2026-04-22T02:44:25+00:00","published_partial","2026-11-03","US House Party Probability","Other","0.0","percent","","","","probability of controlling the U.S. House","national","https://www.racetothewh.com/house","https://www.racetothewh.com/house","House and Senate public Infogram embeds","partial semantic parse of public Infogram data tables","house_embed=https://e.infogram.com/cf74856e-8d17-40f6-b10d-3d23a3ee3cff?src=embed&embed_type=responsive_iframe; senate_embed=https://e.infogram.com/_/vs9b6iAeARko8cuwH51x?src=embed&embed_type=responsive_iframe; house_tables=1140; senate_tables=358; rtwh_senate_seats=unavailable; rtwh_senate_control=unavailable; partial_sections=missing national metrics: Senate seat projection, Senate control probability | House district forecasts: 414/435 readable | Senate race forecasts: 10/35 readable","national","US","United States"
"2.1.0","2026-08-22T17:16:04+00:00","2026-08-22T17:16:04+00:00","Race to the WH","Race to the WH 2026 Congressional Forecast","race-to-the-wh-undated-a2867b577092336740f6","","2026-04-22T02:44:25+00:00","published_partial","2026-11-03","US House Popular Vote Projection","D","52.0","percent","","","","Race to the WH adjusted two-party national House vote projection; uncontested districts are imputed by the provider","national","https://www.racetothewh.com/house","https://www.racetothewh.com/house","House and Senate public Infogram embeds","partial semantic parse of public Infogram data tables","house_embed=https://e.infogram.com/cf74856e-8d17-40f6-b10d-3d23a3ee3cff?src=embed&embed_type=responsive_iframe; senate_embed=https://e.infogram.com/_/vs9b6iAeARko8cuwH51x?src=embed&embed_type=responsive_iframe; house_tables=1140; senate_tables=358; rtwh_senate_seats=unavailable; rtwh_senate_control=unavailable; partial_sections=missing national metrics: Senate seat projection, Senate control probability | House district forecasts: 414/435 readable | Senate race forecasts: 10/35 readable","national","US","United States"
"2.1.0","2026-08-22T17:16:04+00:00","2026-08-22T17:16:04+00:00","Race to the WH","Race to the WH 2026 Congressional Forecast","race-to-the-wh-undated-a2867b577092336740f6","","2026-04-22T02:44:25+00:00","published_partial","2026-11-03","US House Popular Vote Projection","R","48.0","percent","","","","Race to the WH adjusted two-party national House vote projection; uncontested districts are imputed by the provider","national","https://www.racetothewh.com/house","https://www.racetothewh.com/house","House and Senate public Infogram embeds","partial semantic parse of public Infogram data tables","house_embed=https://e.infogram.com/cf74856e-8d17-40f6-b10d-3d23a3ee3cff?src=embed&embed_type=responsive_iframe; senate_embed=https://e.infogram.com/_/vs9b6iAeARko8cuwH51x?src=embed&embed_type=responsive_iframe; house_tables=1140; senate_tables=358; rtwh_senate_seats=unavailable; rtwh_senate_control=unavailable; partial_sections=missing national metrics: Senate seat projection, Senate control probability | House district forecasts: 414/435 readable | Senate race forecasts: 10/35 readable","national","US","United States"
"2.1.0","2026-08-22T17:16:04+00:00","2026-08-22T17:16:04+00:00","Race to the WH","Race to the WH 2026 Congressional Forecast","race-to-the-wh-undated-a2867b577092336740f6","","2026-04-22T02:44:25+00:00","published_partial","2026-11-03","US House Popular Vote Projection","Other","0.0","percent","","","","Race to the WH adjusted two-party national House vote projection; uncontested districts are imputed by the provider","national","https://www.racetothewh.com/house","https://www.racetothewh.com/house","House and Senate public Infogram embeds","partial semantic parse of public Infogram data tables","house_embed=https://e.infogram.com/cf74856e-8d17-40f6-b10d-3d23a3ee3cff?src=embed&embed_type=responsive_iframe; senate_embed=https://e.infogram.com/_/vs9b6iAeARko8cuwH51x?src=embed&embed_type=responsive_iframe; house_tables=1140; senate_tables=358; rtwh_senate_seats=unavailable; rtwh_senate_control=unavailable; partial_sections=missing national metrics: Senate seat projection, Senate control probability | House district forecasts: 414/435 readable | Senate race forecasts: 10/35 readable","national","US","United States"
"2.1.0","2026-08-22T17:16:04+00:00","2026-08-22T17:16:04+00:00","Race to the WH","Race to the WH 2026 Congressional Forecast","race-to-the-wh-undated-a2867b577092336740f6","","2026-04-22T02:44:25+00:00","published_partial","2026-11-03","US House Popular Vote Margin","D-R","4.0","percentage_points","","","","Race to the WH adjusted two-party national House vote projection; uncontested districts are imputed by the provider","national","https://www.racetothewh.com/house","https://www.racetothewh.com/house","House and Senate public Infogram embeds","partial semantic parse of public Infogram data tables","house_embed=https://e.infogram.com/cf74856e-8d17-40f6-b10d-3d23a3ee3cff?src=embed&embed_type=responsive_iframe; senate_embed=https://e.infogram.com/_/vs9b6iAeARko8cuwH51x?src=embed&embed_type=responsive_iframe; house_tables=1140; senate_tables=358; rtwh_senate_seats=unavailable; rtwh_senate_control=unavailable; partial_sections=missing national metrics: Senate seat projection, Senate control probability | House district forecasts: 414/435 readable | Senate race forecasts: 10/35 readable","national","US","United States"
